Time,price,volume
2016-06-03 00:00:00 UTC,554.0670346,63534585.73
2016-06-04 00:00:00 UTC,573.4476256,48786100.9
2016-06-05 00:00:00 UTC,575.5175805,35274530.81
2016-06-06 00:00:00 UTC,580.8803423,38296458.63
2016-06-07 00:00:00 UTC,580.3031218,55351105.74
2016-06-08 00:00:00 UTC,575.5131491,41545196.45
2016-06-09 00:00:00 UTC,576.5017072,43756526.21
2016-06-10 00:00:00 UTC,576.2122025,39085359.94
2016-06-11 00:00:00 UTC,582.5906881,47531638.2
2016-06-12 00:00:00 UTC,640.1504819,159105105.7
2016-06-13 00:00:00 UTC,686.6876265,147854007.4
2016-06-14 00:00:00 UTC,686.5997392,90687098.04
2016-06-15 00:00:00 UTC,684.0683273,52070352.33
2016-06-16 00:00:00 UTC,735.4773819,170740822.9
2016-06-17 00:00:00 UTC,746.5448594,136328960.9
2016-06-18 00:00:00 UTC,750.4397315,90896866.13
2016-06-19 00:00:00 UTC,753.8621106,43965588.14
2016-06-20 00:00:00 UTC,747.0370957,78484227.53
2016-06-21 00:00:00 UTC,680.7926208,168253920.8
2016-06-22 00:00:00 UTC,649.5266355,128779881
2016-06-23 00:00:00 UTC,591.6317914,147358470.9
2016-06-24 00:00:00 UTC,654.1508628,128104603.9
2016-06-25 00:00:00 UTC,670.5183652,72208687.96
2016-06-26 00:00:00 UTC,640.8083945,57692427
2016-06-27 00:00:00 UTC,639.0278138,67058895.46
2016-06-28 00:00:00 UTC,648.5802477,57253400.39
2016-06-29 00:00:00 UTC,634.6470808,74802497.78
2016-06-30 00:00:00 UTC,652.7205934,71087819.44
2016-07-01 00:00:00 UTC,674.3251643,72982893.14
2016-07-02 00:00:00 UTC,685.4160815,60321849.98
2016-07-03 00:00:00 UTC,672.9489641,68885693.98
2016-07-04 00:00:00 UTC,668.999353,38420547.78
2016-07-05 00:00:00 UTC,670.8324385,33627029.23
2016-07-06 00:00:00 UTC,670.8838211,31028132.66
2016-07-07 00:00:00 UTC,641.3043463,102446183.2
2016-07-08 00:00:00 UTC,646.5100323,51723123.51
2016-07-09 00:00:00 UTC,650.2791383,80683115.49
2016-07-10 00:00:00 UTC,646.3859329,36594139.34
2016-07-11 00:00:00 UTC,648.3888781,39553041.44
2016-07-12 00:00:00 UTC,656.4929473,66259675.92
2016-07-13 00:00:00 UTC,662.284684,62432011.6
2016-07-14 00:00:00 UTC,657.3198501,50786417.83
2016-07-15 00:00:00 UTC,662.9364505,39791946.42
2016-07-16 00:00:00 UTC,663.1588659,26301070.96
2016-07-17 00:00:00 UTC,669.1208277,35510264.64
2016-07-18 00:00:00 UTC,675.7202723,33674555.06
2016-07-19 00:00:00 UTC,669.9997768,22213010.92
2016-07-20 00:00:00 UTC,668.28879,25840411.12
2016-07-21 00:00:00 UTC,663.17055,22229523.29
2016-07-22 00:00:00 UTC,659.6796268,44775286.92
2016-07-23 00:00:00 UTC,653.2103428,26268923.41
2016-07-24 00:00:00 UTC,656.5332997,25740649.06
2016-07-25 00:00:00 UTC,655.990763,25541876.23
2016-07-26 00:00:00 UTC,651.8341609,34255461.5
2016-07-27 00:00:00 UTC,653.1645788,29142943.03
2016-07-28 00:00:00 UTC,655.0937287,18722795.49
2016-07-29 00:00:00 UTC,655.7391191,18949113.39
2016-07-30 00:00:00 UTC,655.1520182,13003281.78
2016-07-31 00:00:00 UTC,635.6890398,46037014.55
2016-08-01 00:00:00 UTC,620.2563179,45513945.31
2016-08-02 00:00:00 UTC,591.9566117,82052271.56
2016-08-03 00:00:00 UTC,550.2323023,52045724.85
2016-08-04 00:00:00 UTC,572.7381783,28541369.88
2016-08-05 00:00:00 UTC,572.4254747,19447953.18
2016-08-06 00:00:00 UTC,575.2887645,26357179.94
2016-08-07 00:00:00 UTC,590.3341071,22783797.47
2016-08-08 00:00:00 UTC,590.1478285,17169580.58
2016-08-09 00:00:00 UTC,587.0532616,17677507.28
2016-08-10 00:00:00 UTC,590.8177185,39040121.94
2016-08-11 00:00:00 UTC,593.4479862,27409182.41
2016-08-12 00:00:00 UTC,587.3153874,17868747.08
2016-08-13 00:00:00 UTC,587.2248494,13392745.49
2016-08-14 00:00:00 UTC,576.646713,22863876.93
2016-08-15 00:00:00 UTC,569.7188665,21598265.78
2016-08-16 00:00:00 UTC,573.1198682,24746567.88
2016-08-17 00:00:00 UTC,575.9179072,24961665.75
2016-08-18 00:00:00 UTC,575.1399075,27362080.91
2016-08-19 00:00:00 UTC,575.4716533,18687284.33
2016-08-20 00:00:00 UTC,578.5097874,19156740.77
2016-08-21 00:00:00 UTC,581.9284895,16464844.27
2016-08-22 00:00:00 UTC,584.5335772,22480182.24
2016-08-23 00:00:00 UTC,585.1500665,22175974.38
2016-08-24 00:00:00 UTC,582.1518103,19385391.13
2016-08-25 00:00:00 UTC,577.2440964,20962529.2
2016-08-26 00:00:00 UTC,579.3445188,14162376.45
2016-08-27 00:00:00 UTC,574.3260664,12822455.33
2016-08-28 00:00:00 UTC,572.6688771,8706273.443
2016-08-29 00:00:00 UTC,575.1770015,14869916.86
2016-08-30 00:00:00 UTC,577.4403887,17714148.95
2016-08-31 00:00:00 UTC,574.2403722,18330249.08
2016-09-01 00:00:00 UTC,575.319578,16804128.49
2016-09-02 00:00:00 UTC,577.2897382,16915685.8
2016-09-03 00:00:00 UTC,582.1198213,41164513.51
2016-09-04 00:00:00 UTC,604.8187711,25021828.45
2016-09-05 00:00:00 UTC,607.060705,24749761.93
2016-09-06 00:00:00 UTC,608.5249308,15769927.74
2016-09-07 00:00:00 UTC,612.2567719,17342365.11
2016-09-08 00:00:00 UTC,622.2924153,24028227.63
2016-09-09 00:00:00 UTC,624.4053877,18012548.63
2016-09-10 00:00:00 UTC,626.3404999,14410552.25
2016-09-11 00:00:00 UTC,622.9217192,21278901.17
2016-09-12 00:00:00 UTC,610.5118938,25453578.76
2016-09-13 00:00:00 UTC,612.321211,33660379.05
2016-09-14 00:00:00 UTC,614.0080525,15760827.48
2016-09-15 00:00:00 UTC,611.002838,13624344.7
2016-09-16 00:00:00 UTC,610.5484313,13173821.09
2016-09-17 00:00:00 UTC,609.2911064,9323323.904
2016-09-18 00:00:00 UTC,610.1854495,9865344.985
2016-09-19 00:00:00 UTC,611.2102092,13917010.09
2016-09-20 00:00:00 UTC,610.5267214,14573913.47
2016-09-21 00:00:00 UTC,601.4110143,22673521.12
2016-09-22 00:00:00 UTC,599.5319979,14751133.75
2016-09-23 00:00:00 UTC,600.8648835,15745723.43
2016-09-24 00:00:00 UTC,604.2527135,7814379.638
2016-09-25 00:00:00 UTC,602.3790572,7754900.924
2016-09-26 00:00:00 UTC,606.1522112,16702788.19
2016-09-27 00:00:00 UTC,607.2516565,15701038.44
2016-09-28 00:00:00 UTC,606.6927675,11377497.13
2016-09-29 00:00:00 UTC,608.0561961,15449848.71
2016-09-30 00:00:00 UTC,607.8343391,15054390.07
2016-10-01 00:00:00 UTC,614.3443047,10015250.69
2016-10-02 00:00:00 UTC,612.9725346,10023230.74
2016-10-03 00:00:00 UTC,612.5035634,13651153.62
2016-10-04 00:00:00 UTC,611.004079,14886832.8
2016-10-05 00:00:00 UTC,612.884502,13330957.79
2016-10-06 00:00:00 UTC,613.2867555,12839504.85
2016-10-07 00:00:00 UTC,615.8840712,18740788.22
2016-10-08 00:00:00 UTC,618.3920061,8057780.366
2016-10-09 00:00:00 UTC,617.0666284,7964389.053
2016-10-10 00:00:00 UTC,617.3741232,16131183.49
2016-10-11 00:00:00 UTC,632.4347713,33340464.64
2016-10-12 00:00:00 UTC,639.6159363,17385468.29
2016-10-13 00:00:00 UTC,638.6442284,17065928.8
2016-10-14 00:00:00 UTC,637.8551278,18460412.35
2016-10-15 00:00:00 UTC,639.9926439,7692798.394
2016-10-16 00:00:00 UTC,640.2696824,8280848.845
2016-10-17 00:00:00 UTC,639.0261185,18582140.71
2016-10-18 00:00:00 UTC,637.6674787,16646977.4
2016-10-19 00:00:00 UTC,632.5352201,23579261.81
2016-10-20 00:00:00 UTC,629.6080977,13843702.23
2016-10-21 00:00:00 UTC,631.8738384,19085128.92
2016-10-22 00:00:00 UTC,642.3401786,25072797.99
2016-10-23 00:00:00 UTC,654.5904676,13273291.83
2016-10-24 00:00:00 UTC,651.3984951,21063615.25
2016-10-25 00:00:00 UTC,655.3074792,27331851.28
2016-10-26 00:00:00 UTC,665.0751625,34004369.32
2016-10-27 00:00:00 UTC,681.6864268,30807765.56
2016-10-28 00:00:00 UTC,686.0609328,25070833.66
2016-10-29 00:00:00 UTC,705.8155372,32802537.51
2016-10-30 00:00:00 UTC,704.0784751,25257364.29
2016-10-31 00:00:00 UTC,699.7329862,26186365.88
2016-11-01 00:00:00 UTC,721.7589711,44744818.15
2016-11-02 00:00:00 UTC,726.8494081,29415723.57
2016-11-03 00:00:00 UTC,724.5645218,65538575.22
2016-11-04 00:00:00 UTC,699.4379964,34004118.99
2016-11-05 00:00:00 UTC,703.141842,15546607.92
2016-11-06 00:00:00 UTC,709.1287339,17509728.98
2016-11-07 00:00:00 UTC,705.2771552,18849470.73
2016-11-08 00:00:00 UTC,707.6114742,26409662.91
2016-11-09 00:00:00 UTC,725.4650081,46810531.24
2016-11-10 00:00:00 UTC,715.6629188,23087882.46
2016-11-11 00:00:00 UTC,716.1461885,17097179.84
2016-11-12 00:00:00 UTC,709.9249062,14931466.41
2016-11-13 00:00:00 UTC,698.3639265,22982606.42
2016-11-14 00:00:00 UTC,703.32663,24239337.29
2016-11-15 00:00:00 UTC,711.9112755,26397199.11
2016-11-16 00:00:00 UTC,725.0998771,53771622.45
2016-11-17 00:00:00 UTC,743.8171194,44690191.13
2016-11-18 00:00:00 UTC,743.8223028,27628400.59
2016-11-19 00:00:00 UTC,749.7805789,19139679.51
2016-11-20 00:00:00 UTC,741.9046409,31925543.45
2016-11-21 00:00:00 UTC,735.4409714,24306882.82
2016-11-22 00:00:00 UTC,743.2102845,32662448.21
2016-11-23 00:00:00 UTC,744.3066091,25069127.97
2016-11-24 00:00:00 UTC,739.5362321,25696505.49
2016-11-25 00:00:00 UTC,736.6682418,20503451.01
2016-11-26 00:00:00 UTC,735.7482894,15464763.57
2016-11-27 00:00:00 UTC,733.7359095,16313988.79
2016-11-28 00:00:00 UTC,736.2990081,23699648.85
2016-11-29 00:00:00 UTC,734.0481025,23959520.99
2016-11-30 00:00:00 UTC,739.6827322,28036460.52
2016-12-01 00:00:00 UTC,749.1758482,33928061.63
2016-12-02 00:00:00 UTC,768.5836215,42606919.81
2016-12-03 00:00:00 UTC,765.6404873,18650168.36
2016-12-04 00:00:00 UTC,765.0813086,16404113.88
2016-12-05 00:00:00 UTC,756.7646454,33032340.06
2016-12-06 00:00:00 UTC,757.9309461,28392663.31
2016-12-07 00:00:00 UTC,762.5863612,29995554.24
2016-12-08 00:00:00 UTC,768.6090739,24571868.9
2016-12-09 00:00:00 UTC,770.5819091,20817095.02
2016-12-10 00:00:00 UTC,774.9232831,15580657.74
2016-12-11 00:00:00 UTC,769.1368634,14038464.29
2016-12-12 00:00:00 UTC,776.2038665,24134247.79
2016-12-13 00:00:00 UTC,779.6446442,27192536.28
2016-12-14 00:00:00 UTC,778.1382984,19882411.89
2016-12-15 00:00:00 UTC,777.8038869,22089395.86
2016-12-16 00:00:00 UTC,780.3870174,23775605.13
2016-12-17 00:00:00 UTC,789.2192509,21767306.34
2016-12-18 00:00:00 UTC,789.0455624,14241415.31
2016-12-19 00:00:00 UTC,791.2757963,23101396.26
2016-12-20 00:00:00 UTC,792.499409,29147645.86
2016-12-21 00:00:00 UTC,814.4280861,54367254.62
2016-12-22 00:00:00 UTC,858.6727004,66044894.97
2016-12-23 00:00:00 UTC,900.0509382,94698172.84
2016-12-24 00:00:00 UTC,903.3235778,37811616.99
2016-12-25 00:00:00 UTC,877.0067262,38314007.93
2016-12-26 00:00:00 UTC,901.563333,37006649.12
2016-12-27 00:00:00 UTC,918.7565343,45502022.14
2016-12-28 00:00:00 UTC,955.846731,71502839.16
2016-12-29 00:00:00 UTC,968.4565184,61752974.78
2016-12-30 00:00:00 UTC,952.933137,64179349.36
2016-12-31 00:00:00 UTC,955.9220267,27072456.34
2017-01-01 00:00:00 UTC,975.3794824,41857254.57
2017-01-02 00:00:00 UTC,1015.567064,67682694.38
2017-01-03 00:00:00 UTC,1021.924406,56845274.56
2017-01-04 00:00:00 UTC,1081.448335,157455494
2017-01-05 00:00:00 UTC,1046.983904,233600439.5
2017-01-06 00:00:00 UTC,932.5794354,153734742.1
2017-01-07 00:00:00 UTC,871.3523672,104527572.2
2017-01-08 00:00:00 UTC,913.4413105,63948577.37
2017-01-09 00:00:00 UTC,894.3781481,51137358.45
2017-01-10 00:00:00 UTC,906.5611796,49065337.12
2017-01-11 00:00:00 UTC,844.7248234,156463645.8
2017-01-12 00:00:00 UTC,785.7758794,86506834.5
2017-01-13 00:00:00 UTC,808.3866016,66343144.93
2017-01-14 00:00:00 UTC,827.850596,34921894.79
2017-01-15 00:00:00 UTC,818.776514,21311944.42
2017-01-16 00:00:00 UTC,828.9852566,30146496.57
2017-01-17 00:00:00 UTC,876.2695623,78384733.65
2017-01-18 00:00:00 UTC,886.0109378,63886857.04
2017-01-19 00:00:00 UTC,894.0286368,55912709.4
2017-01-20 00:00:00 UTC,896.2196164,38456053.27
2017-01-21 00:00:00 UTC,918.2547485,39326708.29
2017-01-22 00:00:00 UTC,922.8638161,49733124.25
2017-01-23 00:00:00 UTC,921.1066432,32542061.6
2017-01-24 00:00:00 UTC,908.8113035,56104560.71
2017-01-25 00:00:00 UTC,897.7349632,34235860.81
2017-01-26 00:00:00 UTC,907.7296163,33886105.71
2017-01-27 00:00:00 UTC,918.0703864,30766632.77
2017-01-28 00:00:00 UTC,919.615029,14517639.6
2017-01-29 00:00:00 UTC,919.9219861,12169752.91
2017-01-30 00:00:00 UTC,919.3971649,19348462.27
2017-01-31 00:00:00 UTC,941.9686427,57631867.13
2017-02-01 00:00:00 UTC,972.2134194,43670301.03
2017-02-02 00:00:00 UTC,992.42625,58805143.23
2017-02-03 00:00:00 UTC,1012.727232,67167013.24
2017-02-04 00:00:00 UTC,1017.895875,50938082.41
2017-02-05 00:00:00 UTC,1021.043584,39684866.98
2017-02-06 00:00:00 UTC,1022.635885,38008896.77
2017-02-07 00:00:00 UTC,1042.072152,53411710.8
2017-02-08 00:00:00 UTC,1054.0024,76089593.12
2017-02-09 00:00:00 UTC,1021.67818,159092656.3
2017-02-10 00:00:00 UTC,977.6834553,65574087.84
2017-02-11 00:00:00 UTC,1007.303082,33034552.77
2017-02-12 00:00:00 UTC,1004.786326,18922072.05
2017-02-13 00:00:00 UTC,999.0515226,35809554.85
2017-02-14 00:00:00 UTC,1007.699577,45377204.29
2017-02-15 00:00:00 UTC,1011.028748,29055260.92
2017-02-16 00:00:00 UTC,1027.448797,48542563.07
2017-02-17 00:00:00 UTC,1046.156082,55464878.31
2017-02-18 00:00:00 UTC,1060.52977,34373928.94
2017-02-19 00:00:00 UTC,1053.551128,24110358.4
2017-02-20 00:00:00 UTC,1057.62317,39303255.21
2017-02-21 00:00:00 UTC,1098.990636,75641238.64
2017-02-22 00:00:00 UTC,1118.812147,61584047.08
2017-02-23 00:00:00 UTC,1143.364369,86788795.38
2017-02-24 00:00:00 UTC,1178.822928,144364932.5
2017-02-25 00:00:00 UTC,1164.845901,53725761.12
2017-02-26 00:00:00 UTC,1160.792967,41227123.32
2017-02-27 00:00:00 UTC,1182.763475,49103893.26
2017-02-28 00:00:00 UTC,1190.732861,64073654.56
2017-03-01 00:00:00 UTC,1204.026681,69511599.99
2017-03-02 00:00:00 UTC,1236.933489,108211374.1
2017-03-03 00:00:00 UTC,1271.349822,93846506.84
2017-03-04 00:00:00 UTC,1271.393137,51216310.32
2017-03-05 00:00:00 UTC,1262.058266,35863660.69
2017-03-06 00:00:00 UTC,1273.636016,44774260.02
2017-03-07 00:00:00 UTC,1252.329126,118632719.3
2017-03-08 00:00:00 UTC,1196.904835,126122283.1
2017-03-09 00:00:00 UTC,1175.556969,71291372.62
2017-03-10 00:00:00 UTC,1203.581407,250876794.3
2017-03-11 00:00:00 UTC,1171.985515,83636220.67
2017-03-12 00:00:00 UTC,1198.097795,55328127.81
2017-03-13 00:00:00 UTC,1231.998232,71636058.92
2017-03-14 00:00:00 UTC,1241.421375,59000993.02
2017-03-15 00:00:00 UTC,1250.495978,54648360.08
2017-03-16 00:00:00 UTC,1221.803154,144562349.6
2017-03-17 00:00:00 UTC,1134.821518,164876260.9
2017-03-18 00:00:00 UTC,1040.435913,189581169.8
2017-03-19 00:00:00 UTC,1019.41057,101893815.5
2017-03-20 00:00:00 UTC,1042.868727,61460587.75
2017-03-21 00:00:00 UTC,1090.673262,93617773.56
2017-03-22 00:00:00 UTC,1062.290732,110808256.8
2017-03-23 00:00:00 UTC,1046.119846,55586666.92
2017-03-24 00:00:00 UTC,999.073482,118879312.3
2017-03-25 00:00:00 UTC,934.9987649,103350840
2017-03-26 00:00:00 UTC,974.2930676,75597386.59
2017-03-27 00:00:00 UTC,1003.931965,85027090.37
2017-03-28 00:00:00 UTC,1039.352979,78230108.96
2017-03-29 00:00:00 UTC,1032.925138,68611796.39
2017-03-30 00:00:00 UTC,1030.441088,72105414.67
2017-03-31 00:00:00 UTC,1053.977146,87348173.05
2017-04-01 00:00:00 UTC,1081.516214,50605838.68
2017-04-02 00:00:00 UTC,1087.092251,63801216.61
2017-04-03 00:00:00 UTC,1131.355704,97304098.11
2017-04-04 00:00:00 UTC,1143.5689,74495482.84
2017-04-05 00:00:00 UTC,1131.067184,70541517.88
2017-04-06 00:00:00 UTC,1165.176416,96295916.57
2017-04-07 00:00:00 UTC,1188.258898,66241262.64
2017-04-08 00:00:00 UTC,1185.344642,35696194.72
2017-04-09 00:00:00 UTC,1193.416741,50266083.43
2017-04-10 00:00:00 UTC,1207.416752,47812051.05
2017-04-11 00:00:00 UTC,1213.98222,47031711.81
2017-04-12 00:00:00 UTC,1219.152105,49658392.69
2017-04-13 00:00:00 UTC,1192.112059,70521263.83
2017-04-14 00:00:00 UTC,1186.628193,54103789.03
2017-04-15 00:00:00 UTC,1187.944108,30757259.8
2017-04-16 00:00:00 UTC,1185.925684,22298444.93
2017-04-17 00:00:00 UTC,1191.438594,50945142.53
2017-04-18 00:00:00 UTC,1213.75341,58948563.13
2017-04-19 00:00:00 UTC,1214.565918,49920992.9
2017-04-20 00:00:00 UTC,1230.820985,65202070.71
2017-04-21 00:00:00 UTC,1253.905279,48659166.89
2017-04-22 00:00:00 UTC,1250.085926,50536160.28
2017-04-23 00:00:00 UTC,1252.600683,48234956.12
2017-04-24 00:00:00 UTC,1254.986327,46614547.02
2017-04-25 00:00:00 UTC,1272.448042,54533817.23
2017-04-26 00:00:00 UTC,1297.921323,77478774.5
2017-04-27 00:00:00 UTC,1323.925936,81015935.99
2017-04-28 00:00:00 UTC,1329.867818,97364692.16
2017-04-29 00:00:00 UTC,1334.700439,49565948.8
2017-04-30 00:00:00 UTC,1334.408423,51179115.19
2017-05-01 00:00:00 UTC,1388.339179,134112023.3
2017-05-02 00:00:00 UTC,1441.308628,99274585.41
2017-05-03 00:00:00 UTC,1468.571456,118447840.3
2017-05-04 00:00:00 UTC,1535.046833,205923967.2
2017-05-05 00:00:00 UTC,1551.271175,164297782.1
2017-05-06 00:00:00 UTC,1542.320304,75770155.75
2017-05-07 00:00:00 UTC,1544.528162,86657753.22
2017-05-08 00:00:00 UTC,1602.892181,153429055.1
2017-05-09 00:00:00 UTC,1706.375362,198861854.4
2017-05-10 00:00:00 UTC,1735.402351,147482144.1
2017-05-11 00:00:00 UTC,1812.765171,187609576.3
2017-05-12 00:00:00 UTC,1771.554671,179935782.4
2017-05-13 00:00:00 UTC,1708.888965,119231177.3
2017-05-14 00:00:00 UTC,1781.41046,68030598.82
2017-05-15 00:00:00 UTC,1733.293919,130609751.7
2017-05-16 00:00:00 UTC,1724.079595,121994923.3
2017-05-17 00:00:00 UTC,1799.278911,155426882.4
2017-05-18 00:00:00 UTC,1842.999845,129881508.9
2017-05-19 00:00:00 UTC,1927.798999,172254773.8
2017-05-20 00:00:00 UTC,1985.936302,150172514.9
2017-05-21 00:00:00 UTC,2037.688691,138305403.7
2017-05-22 00:00:00 UTC,2139.723577,336757617.6
2017-05-23 00:00:00 UTC,2212.994415,219311389.2
2017-05-24 00:00:00 UTC,2370.584191,309524328
2017-05-25 00:00:00 UTC,2567.23448,546688590.7
2017-05-26 00:00:00 UTC,2398.85555,390986517.6
2017-05-27 00:00:00 UTC,2090.43164,339320661.1
2017-05-28 00:00:00 UTC,2180.564241,197633172.6
2017-05-29 00:00:00 UTC,2230.067063,160629694.8
2017-05-30 00:00:00 UTC,2279.795959,215795504.9
2017-05-31 00:00:00 UTC,2249.844868,224898926.5
2017-06-01 00:00:00 UTC,2387.948555,238936922.6
2017-06-02 00:00:00 UTC,2426.311477,161653522.4
2017-06-03 00:00:00 UTC,2506.637528,140906001.1
2017-06-04 00:00:00 UTC,2522.659848,137071486.2
2017-06-05 00:00:00 UTC,2599.957436,184872431.9
2017-06-06 00:00:00 UTC,2823.107831,409219291.5
2017-06-07 00:00:00 UTC,2808.620249,253000198.8
2017-06-08 00:00:00 UTC,2748.831043,196117028.5
2017-06-09 00:00:00 UTC,2818.873258,142215567.2
2017-06-10 00:00:00 UTC,2852.099871,194191592.1
2017-06-11 00:00:00 UTC,2908.655038,190423508
2017-06-12 00:00:00 UTC,2814.415619,463224842.2
2017-06-13 00:00:00 UTC,2731.557526,242705711.1
2017-06-14 00:00:00 UTC,2679.848374,346336712.7
2017-06-15 00:00:00 UTC,2412.988679,456452180.8
2017-06-16 00:00:00 UTC,2490.600899,213088060.8
2017-06-17 00:00:00 UTC,2585.80772,179765441.1
2017-06-18 00:00:00 UTC,2596.29033,171724506.4
2017-06-19 00:00:00 UTC,2591.504975,159710895.9
2017-06-20 00:00:00 UTC,2674.59711,226060650.8
2017-06-21 00:00:00 UTC,2724.993128,237379631.5
2017-06-22 00:00:00 UTC,2708.803666,161318040.7
2017-06-23 00:00:00 UTC,2738.312084,113080511.3
2017-06-24 00:00:00 UTC,2685.05029,163703013.8
2017-06-25 00:00:00 UTC,2610.463412,161083849.3
2017-06-26 00:00:00 UTC,2500.995273,288547307.6
2017-06-27 00:00:00 UTC,2441.544358,276781332.8
2017-06-28 00:00:00 UTC,2544.72019,202986165.3
2017-06-29 00:00:00 UTC,2570.197731,129486989
2017-06-30 00:00:00 UTC,2538.234223,131347719.4
2017-07-01 00:00:00 UTC,2479.267623,121333715.4
2017-07-02 00:00:00 UTC,2453.293779,118107424.8
2017-07-03 00:00:00 UTC,2538.844273,153416743.6
2017-07-04 00:00:00 UTC,2608.125695,147596829.2
2017-07-05 00:00:00 UTC,2635.637271,174698066.7
2017-07-06 00:00:00 UTC,2606.260828,118289714.1
2017-07-07 00:00:00 UTC,2556.445092,165853217.5
2017-07-08 00:00:00 UTC,2532.355142,101237434.1
2017-07-09 00:00:00 UTC,2555.505174,80214254.99
2017-07-10 00:00:00 UTC,2476.266493,234993666.8
2017-07-11 00:00:00 UTC,2366.635965,243508601.1
2017-07-12 00:00:00 UTC,2359.969529,187032212.4
2017-07-13 00:00:00 UTC,2380.882661,151315337.4
2017-07-14 00:00:00 UTC,2294.045639,200416336.9
2017-07-15 00:00:00 UTC,2092.468244,253396888.2
2017-07-16 00:00:00 UTC,1956.442632,287621530.8
2017-07-17 00:00:00 UTC,2069.55207,285788666.7
2017-07-18 00:00:00 UTC,2282.229995,353709409.9
2017-07-19 00:00:00 UTC,2324.181149,266883625
2017-07-20 00:00:00 UTC,2495.685191,640391594.3
2017-07-21 00:00:00 UTC,2709.425251,406077088.5
2017-07-22 00:00:00 UTC,2772.18081,249355804.8
2017-07-23 00:00:00 UTC,2764.690577,232930831.4
2017-07-24 00:00:00 UTC,2751.010088,174463748.8
2017-07-25 00:00:00 UTC,2633.923639,369859737.5
2017-07-26 00:00:00 UTC,2519.909842,240507615.6
2017-07-27 00:00:00 UTC,2583.746771,202273882.8
2017-07-28 00:00:00 UTC,2743.616904,285974915.2
2017-07-29 00:00:00 UTC,2724.361001,176907368.6
2017-07-30 00:00:00 UTC,2697.246589,181365122.6
2017-07-31 00:00:00 UTC,2767.910668,201139133.9
2017-08-01 00:00:00 UTC,2775.183747,256934007.7
2017-08-02 00:00:00 UTC,2719.683921,168014548.1
2017-08-03 00:00:00 UTC,2747.616117,151846265.9
2017-08-04 00:00:00 UTC,2828.760316,154496940.3
2017-08-05 00:00:00 UTC,3147.13161,399155099.5
2017-08-06 00:00:00 UTC,3230.633058,159388737.9
2017-08-07 00:00:00 UTC,3305.211277,240635700.7
2017-08-08 00:00:00 UTC,3421.95642,312436142
2017-08-09 00:00:00 UTC,3354.059282,266188967.9
2017-08-10 00:00:00 UTC,3413.142136,192206305.5
2017-08-11 00:00:00 UTC,3528.925854,276561499.9
2017-08-12 00:00:00 UTC,3782.750412,380510861.4
2017-08-13 00:00:00 UTC,4044.53995,497644418.5
2017-08-14 00:00:00 UTC,4196.783664,444548493.1
2017-08-15 00:00:00 UTC,4206.299578,708858187.8
2017-08-16 00:00:00 UTC,4194.705319,385678851
2017-08-17 00:00:00 UTC,4374.806291,450978047.2
2017-08-18 00:00:00 UTC,4267.39414,489499688.2
2017-08-19 00:00:00 UTC,4136.1659,366785945.5
2017-08-20 00:00:00 UTC,4148.029651,242991042.8
2017-08-21 00:00:00 UTC,4087.139319,312219512.6
2017-08-22 00:00:00 UTC,3981.514068,565133083.5
2017-08-23 00:00:00 UTC,4183.225291,319988162.6
2017-08-24 00:00:00 UTC,4236.453566,266597557.4
2017-08-25 00:00:00 UTC,4382.384089,295571172.4
2017-08-26 00:00:00 UTC,4347.394396,152274771.8
2017-08-27 00:00:00 UTC,4369.042611,148421477
2017-08-28 00:00:00 UTC,4343.959435,258024752.3
2017-08-29 00:00:00 UTC,4494.437119,370518664.8
2017-08-30 00:00:00 UTC,4603.538066,256132053.7
2017-08-31 00:00:00 UTC,4689.906061,272208376
2017-09-01 00:00:00 UTC,4816.73266,389291822.2
2017-09-02 00:00:00 UTC,4716.671551,569266669.7
2017-09-03 00:00:00 UTC,4627.983777,363363282.1
2017-09-04 00:00:00 UTC,4441.606165,605295803.9
2017-09-05 00:00:00 UTC,4331.903652,543174337.3
2017-09-06 00:00:00 UTC,4589.850046,431506384.3
2017-09-07 00:00:00 UTC,4628.605283,261115072.3
2017-09-08 00:00:00 UTC,4528.176639,621784852
2017-09-09 00:00:00 UTC,4358.067373,292867234.9
2017-09-10 00:00:00 UTC,4258.579102,381081056
2017-09-11 00:00:00 UTC,4271.211468,313421532.3
2017-09-12 00:00:00 UTC,4297.398434,369363868.8
2017-09-13 00:00:00 UTC,3997.29913,631782497.8
2017-09-14 00:00:00 UTC,3674.719856,920940526
2017-09-15 00:00:00 UTC,3465.158917,1265662125
2017-09-16 00:00:00 UTC,3761.307157,500544610.1
2017-09-17 00:00:00 UTC,3697.029978,275620097.4
2017-09-18 00:00:00 UTC,3980.720882,476456564.3
2017-09-19 00:00:00 UTC,3991.196051,403095739.9
2017-09-20 00:00:00 UTC,3960.290209,285145428
2017-09-21 00:00:00 UTC,3820.775985,435489862.2
2017-09-22 00:00:00 UTC,3648.256543,344791763.4
2017-09-23 00:00:00 UTC,3726.618438,207318617.9
2017-09-24 00:00:00 UTC,3705.50656,147890274.1
2017-09-25 00:00:00 UTC,3831.259125,315513741.6
2017-09-26 00:00:00 UTC,3926.398515,205100044.9
2017-09-27 00:00:00 UTC,4041.845466,398734768.3
2017-09-28 00:00:00 UTC,4194.083824,311382539.5
2017-09-29 00:00:00 UTC,4146.85416,328650040.9
2017-09-30 00:00:00 UTC,4278.981012,241610003.4
2017-10-01 00:00:00 UTC,4315.908447,217143309.5
2017-10-02 00:00:00 UTC,4411.004139,266857605.8
2017-10-03 00:00:00 UTC,4319.341364,292914002.1
2017-10-04 00:00:00 UTC,4252.835233,233655372.5
2017-10-05 00:00:00 UTC,4258.735188,225663722.3
2017-10-06 00:00:00 UTC,4357.281562,236543915.5
2017-10-07 00:00:00 UTC,4351.122512,153161760.4
2017-10-08 00:00:00 UTC,4495.809127,265024696.1
2017-10-09 00:00:00 UTC,4642.577228,448733657.2
2017-10-10 00:00:00 UTC,4810.52739,410723619.8
2017-10-11 00:00:00 UTC,4784.869249,298767562.2
2017-10-12 00:00:00 UTC,5103.569255,755015433.1
2017-10-13 00:00:00 UTC,5595.988002,1051918559
2017-10-14 00:00:00 UTC,5648.193846,376575181.8
2017-10-15 00:00:00 UTC,5602.540466,554650752.5
2017-10-16 00:00:00 UTC,5654.456555,355196736.9
2017-10-17 00:00:00 UTC,5616.88043,358128087
2017-10-18 00:00:00 UTC,5407.695032,698831560.1
2017-10-19 00:00:00 UTC,5639.431298,404932225.4
2017-10-20 00:00:00 UTC,5775.010078,685393227.4
2017-10-21 00:00:00 UTC,6058.602337,609116684.9
2017-10-22 00:00:00 UTC,5914.172506,522996373.9
2017-10-23 00:00:00 UTC,5880.392277,707120061.3
2017-10-24 00:00:00 UTC,5661.714545,692531025.9
2017-10-25 00:00:00 UTC,5550.539122,505980341.5
2017-10-26 00:00:00 UTC,5820.928683,475781183.7
2017-10-27 00:00:00 UTC,5823.080193,438345274
2017-10-28 00:00:00 UTC,5753.306695,278625904.1
2017-10-29 00:00:00 UTC,5867.672445,912537145.4
2017-10-30 00:00:00 UTC,6099.049665,408255940.3
2017-10-31 00:00:00 UTC,6226.436789,542832373.3
2017-11-01 00:00:00 UTC,6497.008892,753605709.7
2017-11-02 00:00:00 UTC,6959.610424,1389530155
2017-11-03 00:00:00 UTC,7225.258334,929378099.1
2017-11-04 00:00:00 UTC,7237.990687,636384084.5
2017-11-05 00:00:00 UTC,7447.969013,658774663.9
2017-11-06 00:00:00 UTC,7242.528449,960286137.9
2017-11-07 00:00:00 UTC,7109.748552,588308209.2
2017-11-08 00:00:00 UTC,7362.433088,1407249178
2017-11-09 00:00:00 UTC,7242.265132,769324537.4
2017-11-10 00:00:00 UTC,6947.575925,1325049568
2017-11-11 00:00:00 UTC,6544.375848,969803051.2
2017-11-12 00:00:00 UTC,6107.615699,1984010017
2017-11-13 00:00:00 UTC,6352.721124,1390058361
2017-11-14 00:00:00 UTC,6599.136431,700642504.2
2017-11-15 00:00:00 UTC,7043.713153,1054497513
2017-11-16 00:00:00 UTC,7460.352384,1245230694
2017-11-17 00:00:00 UTC,7812.83199,1115900034
2017-11-18 00:00:00 UTC,7687.199527,623605823.4
2017-11-19 00:00:00 UTC,7807.453823,611217021.1
2017-11-20 00:00:00 UTC,8076.674086,667804209.2
2017-11-21 00:00:00 UTC,8142.554413,1084193200
2017-11-22 00:00:00 UTC,8163.778836,552311461.5
2017-11-23 00:00:00 UTC,8161.023041,568107545.6
2017-11-24 00:00:00 UTC,8144.307383,709803932.9
2017-11-25 00:00:00 UTC,8439.600966,783007199.2
2017-11-26 00:00:00 UTC,9020.087553,1217178240
2017-11-27 00:00:00 UTC,9569.08511,1242563417
2017-11-28 00:00:00 UTC,9829.434956,983418249.9
2017-11-29 00:00:00 UTC,10440.31899,3459992632
2017-11-30 00:00:00 UTC,9946.465749,2336625636
2017-12-01 00:00:00 UTC,10209.38848,1678824171
2017-12-02 00:00:00 UTC,10950.61347,1054309776
2017-12-03 00:00:00 UTC,11300.3512,1814244685
2017-12-04 00:00:00 UTC,11386.61464,1341618923
2017-12-05 00:00:00 UTC,11714.23791,1147867590
2017-12-06 00:00:00 UTC,12656.22194,2449779060
2017-12-07 00:00:00 UTC,15060.67358,4532002117
2017-12-08 00:00:00 UTC,15749.90142,4104199808
2017-12-09 00:00:00 UTC,15147.33044,2399580699
2017-12-10 00:00:00 UTC,14525.54653,3125718546
2017-12-11 00:00:00 UTC,16476.6898,2726871224
2017-12-12 00:00:00 UTC,16883.96051,2198535601
2017-12-13 00:00:00 UTC,16687.43696,2304507296
2017-12-14 00:00:00 UTC,16473.9132,1600812725
2017-12-15 00:00:00 UTC,17496.02388,2301622767
2017-12-16 00:00:00 UTC,18351.47396,1813860406
2017-12-17 00:00:00 UTC,19389.50501,1934434847
2017-12-18 00:00:00 UTC,18848.27709,2177171822
2017-12-19 00:00:00 UTC,18412.34227,2683585213
2017-12-20 00:00:00 UTC,16903.77189,3393512545
2017-12-21 00:00:00 UTC,16299.51646,2330621725
2017-12-22 00:00:00 UTC,13881.29314,5457602194
2017-12-23 00:00:00 UTC,14951.28644,2003861770
2017-12-24 00:00:00 UTC,13798.72283,1928099105
2017-12-25 00:00:00 UTC,14094.40131,1247520060
2017-12-26 00:00:00 UTC,15424.53991,1853142552
2017-12-27 00:00:00 UTC,15787.51734,1807685919
2017-12-28 00:00:00 UTC,14512.3731,2044130395
2017-12-29 00:00:00 UTC,14672.56474,1457325008
2017-12-30 00:00:00 UTC,13395.63709,1996889785
2017-12-31 00:00:00 UTC,13530.34288,1275316253
2018-01-01 00:00:00 UTC,13681.71574,881707596
2018-01-02 00:00:00 UTC,14086.18322,1725670016
2018-01-03 00:00:00 UTC,15100.47382,1368696604
2018-01-04 00:00:00 UTC,14936.3623,1635310786
2018-01-05 00:00:00 UTC,15984.43575,1969429023
2018-01-06 00:00:00 UTC,16846.10401,1185976941
2018-01-07 00:00:00 UTC,16740.50429,1129594849
2018-01-08 00:00:00 UTC,15591.355,2025790553
2018-01-09 00:00:00 UTC,15141.87142,1415370876
2018-01-10 00:00:00 UTC,14454.05864,1766103501
2018-01-11 00:00:00 UTC,13984.41897,1982993010
2018-01-12 00:00:00 UTC,13943.20689,1170163190
2018-01-13 00:00:00 UTC,14456.74307,890069361.8
2018-01-14 00:00:00 UTC,13931.89035,940544571.6
2018-01-15 00:00:00 UTC,14032.25484,996351598.4
2018-01-16 00:00:00 UTC,12367.98562,3337273150
2018-01-17 00:00:00 UTC,10802.36997,3116451886
2018-01-18 00:00:00 UTC,11636.14171,2037611657
2018-01-19 00:00:00 UTC,11667.82864,1236401583
2018-01-20 00:00:00 UTC,12645.848,1244237932
2018-01-21 00:00:00 UTC,12086.58129,1248881462
2018-01-22 00:00:00 UTC,11316.66929,1518601299
2018-01-23 00:00:00 UTC,10868.01215,1441598955
2018-01-24 00:00:00 UTC,11149.89693,1085237489
2018-01-25 00:00:00 UTC,11419.47664,939223590.1
2018-01-26 00:00:00 UTC,11146.83673,1330770124
2018-01-27 00:00:00 UTC,11354.79056,881654888
2018-01-28 00:00:00 UTC,11719.78175,865553292.6
2018-01-29 00:00:00 UTC,11382.30768,773162819.3
2018-01-30 00:00:00 UTC,10792.52576,1525063390
2018-01-31 00:00:00 UTC,10147.93641,1073988114
2018-02-01 00:00:00 UTC,9620.999648,1790093412
2018-02-02 00:00:00 UTC,8665.690275,2421004718
2018-02-03 00:00:00 UTC,9026.190483,1072875914
2018-02-04 00:00:00 UTC,8844.390109,1230948077
2018-02-05 00:00:00 UTC,7729.748439,2233096509
2018-02-06 00:00:00 UTC,6899.389374,2988612336
2018-02-07 00:00:00 UTC,7963.871181,1912101735
2018-02-08 00:00:00 UTC,8271.805156,1404228347
2018-02-09 00:00:00 UTC,8313.971429,1203415921
2018-02-10 00:00:00 UTC,8677.100806,1207600083
2018-02-11 00:00:00 UTC,8241.09947,890831736.8
2018-02-12 00:00:00 UTC,8642.202419,979663848.7
2018-02-13 00:00:00 UTC,8656.695326,760390083.7
2018-02-14 00:00:00 UTC,9046.457804,1114525886
2018-02-15 00:00:00 UTC,9826.08788,1492582193
2018-02-16 00:00:00 UTC,10061.61024,858092118.1
2018-02-17 00:00:00 UTC,10706.17777,1196037828
2018-02-18 00:00:00 UTC,10768.79691,1510650434
2018-02-19 00:00:00 UTC,10907.35747,1081751457
2018-02-20 00:00:00 UTC,11560.21932,1360652908
2018-02-21 00:00:00 UTC,10886.11897,1823711839
2018-02-22 00:00:00 UTC,10358.41938,1606986512
2018-02-23 00:00:00 UTC,10082.50409,1275672888
2018-02-24 00:00:00 UTC,10011.92585,1138274229
2018-02-25 00:00:00 UTC,9671.487812,715447132.3
2018-02-26 00:00:00 UTC,9962.241054,1076121460
2018-02-27 00:00:00 UTC,10593.00851,970688806.2
2018-02-28 00:00:00 UTC,10674.82555,1044183190
2018-03-01 00:00:00 UTC,10691.17516,875799693.5
2018-03-02 00:00:00 UTC,11023.30636,774767005.1
2018-03-03 00:00:00 UTC,11373.0104,756741879.2
2018-03-04 00:00:00 UTC,11286.79258,649795499.7
2018-03-05 00:00:00 UTC,11525.99812,754073893
2018-03-06 00:00:00 UTC,11058.83504,1609818503
2018-03-07 00:00:00 UTC,10509.66102,2220092344
2018-03-08 00:00:00 UTC,9821.257383,2031647585
2018-03-09 00:00:00 UTC,9019.836563,2198281816
2018-03-10 00:00:00 UTC,9312.040508,999493595.9
2018-03-11 00:00:00 UTC,9137.994765,1270598589
2018-03-12 00:00:00 UTC,9501.060708,1314078702
2018-03-13 00:00:00 UTC,9224.963591,1132642853
2018-03-14 00:00:00 UTC,8864.711601,978842403.7
2018-03-15 00:00:00 UTC,8195.082981,1390129323
2018-03-16 00:00:00 UTC,8356.61907,986259107.1
2018-03-17 00:00:00 UTC,8130.415761,820626351.4
2018-03-18 00:00:00 UTC,7734.753936,1385269728
2018-03-19 00:00:00 UTC,8390.472654,1331577052
2018-03-20 00:00:00 UTC,8665.276738,967119238.2
2018-03-21 00:00:00 UTC,9038.338133,901703822.6
2018-03-22 00:00:00 UTC,8828.079342,956795098.1
2018-03-23 00:00:00 UTC,8574.36433,864538951.8
2018-03-24 00:00:00 UTC,8891.54167,762893171.3
2018-03-25 00:00:00 UTC,8591.430187,596110029.6
2018-03-26 00:00:00 UTC,8275.861854,1003329886
2018-03-27 00:00:00 UTC,8031.049095,853045089.9
2018-03-28 00:00:00 UTC,7973.18024,602431261.5
2018-03-29 00:00:00 UTC,7584.323667,1293328951
2018-03-30 00:00:00 UTC,6960.661567,1472789829
2018-03-31 00:00:00 UTC,7055.23918,853510305.6
2018-04-01 00:00:00 UTC,6851.543401,818078251.4
2018-04-02 00:00:00 UTC,7031.03031,697586748.8
2018-04-03 00:00:00 UTC,7364.759284,841538457.2
2018-04-04 00:00:00 UTC,7126.875553,805331044.9
2018-04-05 00:00:00 UTC,6808.044622,706156747.1
2018-04-06 00:00:00 UTC,6684.428831,565157061.3
2018-04-07 00:00:00 UTC,6910.923327,523419245
2018-04-08 00:00:00 UTC,7010.906999,391847387.3
2018-04-09 00:00:00 UTC,6915.640052,857111226.4
2018-04-10 00:00:00 UTC,6806.221187,390082583.6
2018-04-11 00:00:00 UTC,6896.646295,422155325.2
2018-04-12 00:00:00 UTC,7349.270004,1400162855
2018-04-13 00:00:00 UTC,8008.628847,1072221526
2018-04-14 00:00:00 UTC,8029.62277,480994307.8
2018-04-15 00:00:00 UTC,8219.393786,528540983.5
2018-04-16 00:00:00 UTC,8100.613543,674791183.7
2018-04-17 00:00:00 UTC,8062.26588,532757332.9
2018-04-18 00:00:00 UTC,8073.587707,550959975.9
2018-04-19 00:00:00 UTC,8225.672101,553901256.2
2018-04-20 00:00:00 UTC,8446.840755,919602749.6
2018-04-21 00:00:00 UTC,8813.962292,754916111.5
2018-04-22 00:00:00 UTC,8900.241545,562561966.3
2018-04-23 00:00:00 UTC,8920.319593,506520083.8
2018-04-24 00:00:00 UTC,9307.675835,1199112204
2018-04-25 00:00:00 UTC,9205.91957,1625184102
2018-04-26 00:00:00 UTC,8897.475368,923167222.1
2018-04-27 00:00:00 UTC,9202.146476,688467021.9
2018-04-28 00:00:00 UTC,9215.387261,791410205.5
2018-04-29 00:00:00 UTC,9326.667442,592514050.1
2018-04-30 00:00:00 UTC,9277.94535,539932557.6
2018-05-01 00:00:00 UTC,8998.409644,606638933.4
2018-05-02 00:00:00 UTC,9101.927478,495624936.3
2018-05-03 00:00:00 UTC,9353.027861,829919821.4
2018-05-04 00:00:00 UTC,9640.925689,628985277.4
2018-05-05 00:00:00 UTC,9796.101087,650544415.7
2018-05-06 00:00:00 UTC,9611.880023,553084161.5
2018-05-07 00:00:00 UTC,9350.741935,605158251.7
2018-05-08 00:00:00 UTC,9273.528986,623085056.5
2018-05-09 00:00:00 UTC,9202.077374,583502506.4
2018-05-10 00:00:00 UTC,9271.113064,578444390.2
2018-05-11 00:00:00 UTC,8734.390758,1090466769
2018-05-12 00:00:00 UTC,8462.2851,721091626.3
2018-05-13 00:00:00 UTC,8584.414077,485776954.4
2018-05-14 00:00:00 UTC,8590.298025,814249845.4
2018-05-15 00:00:00 UTC,8635.589693,679697384.6
2018-05-16 00:00:00 UTC,8294.176403,735916241.9
2018-05-17 00:00:00 UTC,8282.396991,568019844.3
2018-05-18 00:00:00 UTC,8111.406901,496746473.1
2018-05-19 00:00:00 UTC,8256.284714,324458474.6
2018-05-20 00:00:00 UTC,8366.615889,353542646.8
2018-05-21 00:00:00 UTC,8457.10906,399884027.3
2018-05-22 00:00:00 UTC,8239.178918,477524731.5
2018-05-23 00:00:00 UTC,7807.279603,863337055
2018-05-24 00:00:00 UTC,7556.759655,748318931.9
2018-05-25 00:00:00 UTC,7491.143103,570845527.7
2018-05-26 00:00:00 UTC,7494.298369,311929111.9
2018-05-27 00:00:00 UTC,7336.852743,298413971.4
2018-05-28 00:00:00 UTC,7269.950721,469775439.5
2018-05-29 00:00:00 UTC,7311.055251,556631147.3
2018-05-30 00:00:00 UTC,7448.985729,442231114.3
2018-05-31 00:00:00 UTC,7506.812739,399488195.8
2018-06-01 00:00:00 UTC,7488.696186,400733225
2018-06-02 00:00:00 UTC,7601.790524,318476834.2
2018-06-03 00:00:00 UTC,7691.002991,293765914
2018-06-04 00:00:00 UTC,7572.676228,376489998.6
2018-06-05 00:00:00 UTC,7493.366783,392688632.9
2018-06-06 00:00:00 UTC,7602.873307,370373946.2
2018-06-07 00:00:00 UTC,7686.678283,307509359.4
2018-06-08 00:00:00 UTC,7632.212185,268625272.3
2018-06-09 00:00:00 UTC,7630.185893,197608467.3
2018-06-10 00:00:00 UTC,7150.30219,854367636.5
2018-06-11 00:00:00 UTC,6775.711609,464817182.2
2018-06-12 00:00:00 UTC,6769.59682,501646573.7
2018-06-13 00:00:00 UTC,6461.49,747535636.3
2018-06-14 00:00:00 UTC,6515.070216,597483604.5
2018-06-15 00:00:00 UTC,6562.847181,381460441.3
2018-06-16 00:00:00 UTC,6483.031362,242621624.9
2018-06-17 00:00:00 UTC,6521.595573,197720399.2
2018-06-18 00:00:00 UTC,6540.214724,378040836.5
2018-06-19 00:00:00 UTC,6722.976938,317216976.5
2018-06-20 00:00:00 UTC,6682.348058,332468141.2
2018-06-21 00:00:00 UTC,6729.777389,229599037.6
2018-06-22 00:00:00 UTC,6369.238955,787614856.9
2018-06-23 00:00:00 UTC,6161.817955,301831080.7
2018-06-24 00:00:00 UTC,6055.340728,606388193.8
2018-06-25 00:00:00 UTC,6225.06727,442106564.9
2018-06-26 00:00:00 UTC,6219.273491,345217387.4
2018-06-27 00:00:00 UTC,6113.741892,332741735.5
2018-06-28 00:00:00 UTC,6094.391341,333465641.8
2018-06-29 00:00:00 UTC,5935.269537,507025127.1
2018-06-30 00:00:00 UTC,6378.891245,374580330
2018-07-01 00:00:00 UTC,6360.296413,227535922.7
2018-07-02 00:00:00 UTC,6462.696208,414551419.5
2018-07-03 00:00:00 UTC,6601.535393,328045733.2
2018-07-04 00:00:00 UTC,6581.439923,378555299.3
2018-07-05 00:00:00 UTC,6597.861523,387702060.4
2018-07-06 00:00:00 UTC,6563.225348,287089675.5
2018-07-07 00:00:00 UTC,6594.038704,273105848.4
2018-07-08 00:00:00 UTC,6742.96215,239909607.1
2018-07-09 00:00:00 UTC,6717.400716,308620030.2
2018-07-10 00:00:00 UTC,6506.675852,440489760.1
2018-07-11 00:00:00 UTC,6382.573417,294051291.6
2018-07-12 00:00:00 UTC,6240.110936,393377493.2
2018-07-13 00:00:00 UTC,6246.542644,305319950.2
2018-07-14 00:00:00 UTC,6237.996773,182215052.8
2018-07-15 00:00:00 UTC,6317.861962,209490760.1
2018-07-16 00:00:00 UTC,6517.318896,478244079.7
2018-07-17 00:00:00 UTC,6870.297304,759164700.9
2018-07-18 00:00:00 UTC,7395.376034,720320266.5
2018-07-19 00:00:00 UTC,7385.096924,468177529.7
2018-07-20 00:00:00 UTC,7418.66004,547111408.4
2018-07-21 00:00:00 UTC,7349.077429,252664630.7
2018-07-22 00:00:00 UTC,7444.343572,322329303.8
2018-07-23 00:00:00 UTC,7669.649079,722979646.2
2018-07-24 00:00:00 UTC,8065.699017,1049029111
2018-07-25 00:00:00 UTC,8240.335802,697037677.6
2018-07-26 00:00:00 UTC,8183.248973,610160920.9
2018-07-27 00:00:00 UTC,8010.2724,609143580.4
2018-07-28 00:00:00 UTC,8168.527643,280810577.4
2018-07-29 00:00:00 UTC,8193.888653,265674827.5
2018-07-30 00:00:00 UTC,8128.54931,671688507.5
2018-07-31 00:00:00 UTC,7915.267761,730523655
2018-08-01 00:00:00 UTC,7579.056837,575991842.1
2018-08-02 00:00:00 UTC,7595.21691,378204787.3
2018-08-03 00:00:00 UTC,7399.687556,543701324.9
2018-08-04 00:00:00 UTC,7251.664807,518479178.7
2018-08-05 00:00:00 UTC,7002.491645,341519493.4
2018-08-06 00:00:00 UTC,6992.255253,374152172.8
2018-08-07 00:00:00 UTC,6990.195745,547027389.8
2018-08-08 00:00:00 UTC,6448.69544,824853142.4
2018-08-09 00:00:00 UTC,6401.30259,533789650.9
2018-08-10 00:00:00 UTC,6387.977772,627580334.2
2018-08-11 00:00:00 UTC,6203.502753,517427359.3
2018-08-12 00:00:00 UTC,6320.284949,397910166.1
2018-08-13 00:00:00 UTC,6357.2742,483888563.3
2018-08-14 00:00:00 UTC,6074.812963,738810865.7
2018-08-15 00:00:00 UTC,6371.041583,828603677.5
2018-08-16 00:00:00 UTC,6343.460719,418598282.6
2018-08-17 00:00:00 UTC,6464.45659,439050499.5
2018-08-18 00:00:00 UTC,6445.497794,321829354.5
2018-08-19 00:00:00 UTC,6400.560518,248765441.5
2018-08-20 00:00:00 UTC,6445.954942,439140004.7
2018-08-21 00:00:00 UTC,6403.971875,390323155.8
2018-08-22 00:00:00 UTC,6575.211813,806624050.6
2018-08-23 00:00:00 UTC,6436.528391,327862902.2
2018-08-24 00:00:00 UTC,6554.020946,367241202.5
2018-08-25 00:00:00 UTC,6711.74488,301473632.8
2018-08-26 00:00:00 UTC,6665.210922,280641172.8
2018-08-27 00:00:00 UTC,6708.168514,355951522.2
2018-08-28 00:00:00 UTC,6976.083535,454524757
2018-08-29 00:00:00 UTC,7039.83013,304210339.9
2018-08-30 00:00:00 UTC,6924.113617,369624529.3
2018-08-31 00:00:00 UTC,6970.84412,308176920.1
2018-09-01 00:00:00 UTC,7094.722105,295779473.9
2018-09-02 00:00:00 UTC,7230.420862,458594664.9
2018-09-03 00:00:00 UTC,7248.28411,283323945.7
2018-09-04 00:00:00 UTC,7311.011497,319666804.9
2018-09-05 00:00:00 UTC,7117.644317,728762161.2
2018-09-06 00:00:00 UTC,6437.427643,712678874.7
2018-09-07 00:00:00 UTC,6460.950238,303222120.1
2018-09-08 00:00:00 UTC,6378.287528,286212925.2
2018-09-09 00:00:00 UTC,6311.672785,239046863.6
2018-09-10 00:00:00 UTC,6307.690178,243026215.3
2018-09-11 00:00:00 UTC,6305.615156,288680016.6
2018-09-12 00:00:00 UTC,6283.294352,255356391.6
2018-09-13 00:00:00 UTC,6449.774874,328221026.4
2018-09-14 00:00:00 UTC,6498.327631,278216777
2018-09-15 00:00:00 UTC,6515.8907,118531366.5
2018-09-16 00:00:00 UTC,6484.566891,120873498.5
2018-09-17 00:00:00 UTC,6400.865175,315188015.7
2018-09-18 00:00:00 UTC,6303.435606,388170346.6
2018-09-19 00:00:00 UTC,6339.829272,570919409.1
2018-09-20 00:00:00 UTC,6413.674182,306232327.6
2018-09-21 00:00:00 UTC,6656.620385,532332051.4
2018-09-22 00:00:00 UTC,6704.161407,293825706.2
2018-09-23 00:00:00 UTC,6703.676331,173843670.3
2018-09-24 00:00:00 UTC,6634.365441,288667375.9
2018-09-25 00:00:00 UTC,6419.452485,377512796.9
2018-09-26 00:00:00 UTC,6466.765686,260629393.1
2018-09-27 00:00:00 UTC,6526.802166,339979961.5
2018-09-28 00:00:00 UTC,6668.197281,435173959.6
2018-09-29 00:00:00 UTC,6552.88966,249257906
2018-09-30 00:00:00 UTC,6589.191739,182482769.9
2018-10-01 00:00:00 UTC,6586.36628,256083263.4
2018-10-02 00:00:00 UTC,6557.56482,244613003.9
2018-10-03 00:00:00 UTC,6470.180498,283369478
2018-10-04 00:00:00 UTC,6562.35766,233070431.2
2018-10-05 00:00:00 UTC,6563.409695,228670995
2018-10-06 00:00:00 UTC,6570.629833,138792132.6
2018-10-07 00:00:00 UTC,6552.434941,141990996.5
2018-10-08 00:00:00 UTC,6603.595407,238920753.8
2018-10-09 00:00:00 UTC,6606.180336,195083773.1
2018-10-10 00:00:00 UTC,6548.401654,281975769.6
2018-10-11 00:00:00 UTC,6261.549423,597557901.5
2018-10-12 00:00:00 UTC,6253.077418,226125868.9
2018-10-13 00:00:00 UTC,6253.032646,152017498.8
2018-10-14 00:00:00 UTC,6284.900286,195105137.9
2018-10-15 00:00:00 UTC,6468.101498,1098462369
2018-10-16 00:00:00 UTC,6522.200323,327218870.5
2018-10-17 00:00:00 UTC,6519.646669,203915153.7
2018-10-18 00:00:00 UTC,6497.842497,279227460.9
2018-10-19 00:00:00 UTC,6446.508776,218004430.1
2018-10-20 00:00:00 UTC,6455.568363,150103420.7
2018-10-21 00:00:00 UTC,6489.826253,126651670.6
2018-10-22 00:00:00 UTC,6460.506082,176221249.8
2018-10-23 00:00:00 UTC,6450.280416,212760493.2
2018-10-24 00:00:00 UTC,6478.648132,212940763.3
2018-10-25 00:00:00 UTC,6453.648239,207712744.3
2018-10-26 00:00:00 UTC,6450.481407,201421932.9
2018-10-27 00:00:00 UTC,6453.62586,114777526.7
2018-10-28 00:00:00 UTC,6444.522935,132504217.8
2018-10-29 00:00:00 UTC,6374.238958,338093183.8
2018-10-30 00:00:00 UTC,6309.576552,235727924
2018-10-31 00:00:00 UTC,6314.943248,245038485.2
2018-11-01 00:00:00 UTC,6345.308216,205759661.1
2018-11-02 00:00:00 UTC,6383.041077,189698091.6
2018-11-03 00:00:00 UTC,6361.179579,177900121.2
2018-11-04 00:00:00 UTC,6388.296994,168034941.9
2018-11-05 00:00:00 UTC,6423.449111,175177729.1
2018-11-06 00:00:00 UTC,6429.688578,224849536.5
2018-11-07 00:00:00 UTC,6520.221315,238978954.5
2018-11-08 00:00:00 UTC,6468.989214,252599006.5
2018-11-09 00:00:00 UTC,6395.013728,196375274.4
2018-11-10 00:00:00 UTC,6387.399831,103625833.5
2018-11-11 00:00:00 UTC,6369.13208,142019879
2018-11-12 00:00:00 UTC,6381.8855,188101675.8
2018-11-13 00:00:00 UTC,6339.256403,195151236.1
2018-11-14 00:00:00 UTC,6092.01885,948563299.9
2018-11-15 00:00:00 UTC,5572.789563,751062551.7
2018-11-16 00:00:00 UTC,5597.580522,317093419.8
2018-11-17 00:00:00 UTC,5545.39279,170813800.1
2018-11-18 00:00:00 UTC,5588.047955,183420194.1
2018-11-19 00:00:00 UTC,5244.220867,1065158298
2018-11-20 00:00:00 UTC,4585.321856,1403016847
2018-11-21 00:00:00 UTC,4504.040861,622270809
2018-11-22 00:00:00 UTC,4514.180778,358494329.1
2018-11-23 00:00:00 UTC,4298.228751,452262866.4
2018-11-24 00:00:00 UTC,4251.582212,500406262.9
2018-11-25 00:00:00 UTC,3808.498595,812135715.2
2018-11-26 00:00:00 UTC,3897.414512,739497600.7
2018-11-27 00:00:00 UTC,3747.028843,545293272.8
2018-11-28 00:00:00 UTC,4095.425351,754093815.5
2018-11-29 00:00:00 UTC,4251.876916,541778532.4
2018-11-30 00:00:00 UTC,4106.441208,520780446.2
2018-12-01 00:00:00 UTC,4109.427599,324534091.6
2018-12-02 00:00:00 UTC,4154.872694,319145307.5
2018-12-03 00:00:00 UTC,3961.610967,420708504.2
2018-12-04 00:00:00 UTC,3938.589558,406800156.4
2018-12-05 00:00:00 UTC,3838.106547,365060011.8
2018-12-06 00:00:00 UTC,3730.985518,583950137.3
2018-12-07 00:00:00 UTC,3395.2918,681476293.5
2018-12-08 00:00:00 UTC,3417.941617,353936043.7
2018-12-09 00:00:00 UTC,3506.373009,290538066.8
2018-12-10 00:00:00 UTC,3504.152944,298867476.4
2018-12-11 00:00:00 UTC,3401.230662,277099741.7
2018-12-12 00:00:00 UTC,3433.095934,259253550.6
2018-12-13 00:00:00 UTC,3394.848361,290471382.7
2018-12-14 00:00:00 UTC,3268.020044,299616536
2018-12-15 00:00:00 UTC,3212.095651,182729776.3
2018-12-16 00:00:00 UTC,3249.985572,168824825.1
2018-12-17 00:00:00 UTC,3366.829535,389067768.9
2018-12-18 00:00:00 UTC,3535.608759,304050161
2018-12-19 00:00:00 UTC,3775.507448,565382941.6
2018-12-20 00:00:00 UTC,3952.645817,664951482.8
2018-12-21 00:00:00 UTC,4002.396178,464793200.3
2018-12-22 00:00:00 UTC,3888.276609,223533117.2
2018-12-23 00:00:00 UTC,4011.217804,219520700.7
2018-12-24 00:00:00 UTC,4155.296852,415901993.2
2018-12-25 00:00:00 UTC,3811.440286,326982340.2
2018-12-26 00:00:00 UTC,3822.288769,221282011.6
2018-12-27 00:00:00 UTC,3762.202934,258880559.5
2018-12-28 00:00:00 UTC,3747.871723,307835214.7
2018-12-29 00:00:00 UTC,3909.255386,200520470.2
2018-12-30 00:00:00 UTC,3828.876411,179605276.6
2018-12-31 00:00:00 UTC,3798.904322,195494872.7
2019-01-01 00:00:00 UTC,3749.483171,165254021.2
2019-01-02 00:00:00 UTC,3866.848952,197051951.4
2019-01-03 00:00:00 UTC,3867.694904,149930434.5
2019-01-04 00:00:00 UTC,3824.353568,158093744.8
2019-01-05 00:00:00 UTC,3869.554428,132729785.9
2019-01-06 00:00:00 UTC,3907.431276,226624925
2019-01-07 00:00:00 UTC,4047.752273,172634888.4
2019-01-08 00:00:00 UTC,4034.009128,252887711.3
2019-01-09 00:00:00 UTC,4036.964228,210096309.1
2019-01-10 00:00:00 UTC,3824.562147,385403694.3
2019-01-11 00:00:00 UTC,3671.551843,206540792.6
2019-01-12 00:00:00 UTC,3661.234181,97004723.12
2019-01-13 00:00:00 UTC,3615.059308,143230958.8
2019-01-14 00:00:00 UTC,3614.049355,188693073.8
2019-01-15 00:00:00 UTC,3671.680451,169128576.2
2019-01-16 00:00:00 UTC,3634.894105,169221054.5
2019-01-17 00:00:00 UTC,3631.902077,148414175.2
2019-01-18 00:00:00 UTC,3644.76909,98135437.67
2019-01-19 00:00:00 UTC,3699.588323,129175692.5
2019-01-20 00:00:00 UTC,3633.80786,165447917.4
2019-01-21 00:00:00 UTC,3562.945085,114606542.1
2019-01-22 00:00:00 UTC,3577.962032,171547525.2
2019-01-23 00:00:00 UTC,3595.279606,121983400.1
2019-01-24 00:00:00 UTC,3580.067022,99984316.57
2019-01-25 00:00:00 UTC,3582.231975,105158195.7
2019-01-26 00:00:00 UTC,3599.459062,105402262.5
2019-01-27 00:00:00 UTC,3570.813223,94616853.79
2019-01-28 00:00:00 UTC,3465.895847,205346918.9
2019-01-29 00:00:00 UTC,3425.823916,140315121.4
2019-01-30 00:00:00 UTC,3451.12977,135413069.2
2019-01-31 00:00:00 UTC,3452.543195,115715816.9
2019-02-01 00:00:00 UTC,3444.897727,132196494.8
2019-02-02 00:00:00 UTC,3461.26032,83616765.72
2019-02-03 00:00:00 UTC,3454.176855,74410552.34
2019-02-04 00:00:00 UTC,3444.875767,72554088.04
2019-02-05 00:00:00 UTC,3449.797561,75220777.59
2019-02-06 00:00:00 UTC,3404.38301,135542797
2019-02-07 00:00:00 UTC,3399.01889,85806279.55
2019-02-08 00:00:00 UTC,3491.224485,299616056.2
2019-02-09 00:00:00 UTC,3644.202907,89044638
2019-02-10 00:00:00 UTC,3637.563383,96447858.11
2019-02-11 00:00:00 UTC,3627.316813,130098674
2019-02-12 00:00:00 UTC,3611.72408,148887119.1
2019-02-13 00:00:00 UTC,3615.488879,130718427.7
2019-02-14 00:00:00 UTC,3604.983423,103637905.4
2019-02-15 00:00:00 UTC,3607.391397,116206764.9
2019-02-16 00:00:00 UTC,3625.826273,78300132.62
2019-02-17 00:00:00 UTC,3621.737436,127123521
2019-02-18 00:00:00 UTC,3787.327736,354243383.8
2019-02-19 00:00:00 UTC,3924.627587,273722670
2019-02-20 00:00:00 UTC,3937.904063,186697408.3
2019-02-21 00:00:00 UTC,3935.807729,167790764.4
2019-02-22 00:00:00 UTC,3952.585808,151208308.8
2019-02-23 00:00:00 UTC,4003.678045,219174203.1
2019-02-24 00:00:00 UTC,4010.161548,361234738.1
2019-02-25 00:00:00 UTC,3823.315448,161375416
2019-02-26 00:00:00 UTC,3829.087251,106090864.9
2019-02-27 00:00:00 UTC,3825.701944,156875926.1
2019-02-28 00:00:00 UTC,3842.830526,163011305.7
2019-03-01 00:00:00 UTC,3845.12897,89936402.15
2019-03-02 00:00:00 UTC,3837.018006,63193723.89
2019-03-03 00:00:00 UTC,3834.874542,53321887.65
2019-03-04 00:00:00 UTC,3759.11811,135448302
2019-03-05 00:00:00 UTC,3798.051531,147969512.5
2019-03-06 00:00:00 UTC,3866.879478,115827098.1
2019-03-07 00:00:00 UTC,3888.510862,126643337.2
2019-03-08 00:00:00 UTC,3899.770783,140593072.4
2019-03-09 00:00:00 UTC,3918.477867,100576412.3
2019-03-10 00:00:00 UTC,3919.257508,63350641.38
2019-03-11 00:00:00 UTC,3891.991132,108595620.4
2019-03-12 00:00:00 UTC,3878.675424,113591171.7
2019-03-13 00:00:00 UTC,3885.078401,91869414.84
2019-03-14 00:00:00 UTC,3881.063335,117129982
2019-03-15 00:00:00 UTC,3908.780945,111137813.7
2019-03-16 00:00:00 UTC,4006.524057,154092166.4
2019-03-17 00:00:00 UTC,3992.620457,57723156.66
2019-03-18 00:00:00 UTC,3998.086827,97768382.65
2019-03-19 00:00:00 UTC,4007.019223,100041813.7
2019-03-20 00:00:00 UTC,4026.366091,125496122.8
2019-03-21 00:00:00 UTC,4031.079442,162348765.3
2019-03-22 00:00:00 UTC,4004.620938,77748822.15
2019-03-23 00:00:00 UTC,4005.790326,63702416.4
2019-03-24 00:00:00 UTC,3994.644743,54010821.73
2019-03-25 00:00:00 UTC,3975.581368,115223656.9
2019-03-26 00:00:00 UTC,3934.191126,79340292.87
2019-03-27 00:00:00 UTC,4015.811509,130715451.1
2019-03-28 00:00:00 UTC,4031.998784,86616227.06
2019-03-29 00:00:00 UTC,4081.48414,153020120.1
2019-03-30 00:00:00 UTC,4105.514233,93815990.83
2019-03-31 00:00:00 UTC,4109.951256,48337838.78
2019-04-01 00:00:00 UTC,4144.872782,135535933.7
2019-04-02 00:00:00 UTC,4662.732114,806957919.7
2019-04-03 00:00:00 UTC,5030.041608,786903598
2019-04-04 00:00:00 UTC,4979.450136,347447353.7
2019-04-05 00:00:00 UTC,4993.767039,251002249.4
2019-04-06 00:00:00 UTC,5055.338429,256241218.2
2019-04-07 00:00:00 UTC,5142.989566,225273876.1
2019-04-08 00:00:00 UTC,5248.352934,329636767.6
2019-04-09 00:00:00 UTC,5233.279266,230886770.3
2019-04-10 00:00:00 UTC,5282.79517,324034271.6
2019-04-11 00:00:00 UTC,5137.460714,358228139.4
2019-04-12 00:00:00 UTC,5066.045081,197856323.8
2019-04-13 00:00:00 UTC,5105.117248,110641955.7
2019-04-14 00:00:00 UTC,5101.907131,97416955.92
2019-04-15 00:00:00 UTC,5139.187733,194706406.5
2019-04-16 00:00:00 UTC,5118.300603,185034141.5
2019-04-17 00:00:00 UTC,5233.51079,171755635.1
2019-04-18 00:00:00 UTC,5277.144557,169925939.2
2019-04-19 00:00:00 UTC,5271.799065,144961322.5
2019-04-20 00:00:00 UTC,5323.64016,114815810.4
2019-04-21 00:00:00 UTC,5300.67123,125292892.1
2019-04-22 00:00:00 UTC,5331.528519,229863608.7
2019-04-23 00:00:00 UTC,5542.421477,349851790.5
2019-04-24 00:00:00 UTC,5498.432983,319406260.1
2019-04-25 00:00:00 UTC,5439.003725,367506119
2019-04-26 00:00:00 UTC,5216.901749,376557091.1
2019-04-27 00:00:00 UTC,5223.912498,103104366.5
2019-04-28 00:00:00 UTC,5238.656879,120586155.1
2019-04-29 00:00:00 UTC,5222.429538,156207631
2019-04-30 00:00:00 UTC,5258.742867,158599879.4
2019-05-01 00:00:00 UTC,5351.535901,137227551.8
2019-05-02 00:00:00 UTC,5409.379623,184331829.4
2019-05-03 00:00:00 UTC,5661.412626,415801709.3
2019-05-04 00:00:00 UTC,5730.889207,256812410.2
2019-05-05 00:00:00 UTC,5765.726916,141619666.5
2019-05-06 00:00:00 UTC,5706.388407,191804130
2019-05-07 00:00:00 UTC,5901.187843,337910561.2
2019-05-08 00:00:00 UTC,5883.97353,231654652.2
2019-05-09 00:00:00 UTC,6081.992885,298188675.2
2019-05-10 00:00:00 UTC,6317.824256,412465043.3
2019-05-11 00:00:00 UTC,6808.70997,891901037.6
2019-05-12 00:00:00 UTC,7131.745213,997846864
2019-05-13 00:00:00 UTC,7392.673178,1116792682
2019-05-14 00:00:00 UTC,7975.845442,945345188.2
2019-05-15 00:00:00 UTC,8031.583962,652997526.2
2019-05-16 00:00:00 UTC,7970.222694,732521464.5
2019-05-17 00:00:00 UTC,7270.735166,1023373255
2019-05-18 00:00:00 UTC,7336.869269,283085389.3
2019-05-19 00:00:00 UTC,7926.146551,688306659.2
2019-05-20 00:00:00 UTC,7886.395934,603119691.3
2019-05-21 00:00:00 UTC,7935.233515,344196411.5
2019-05-22 00:00:00 UTC,7878.851555,419842020.4
2019-05-23 00:00:00 UTC,7710.336386,367385859.7
2019-05-24 00:00:00 UTC,7976.986869,400933713
2019-05-25 00:00:00 UTC,8023.746098,181775744.5
2019-05-26 00:00:00 UTC,8103.775898,557091585.6
2019-05-27 00:00:00 UTC,8731.895144,537189443.3
2019-05-28 00:00:00 UTC,8690.096269,382340669
2019-05-29 00:00:00 UTC,8634.509809,381775831.9
2019-05-30 00:00:00 UTC,8626.508153,788750174.1
2019-05-31 00:00:00 UTC,8361.725056,454442574.9
2019-06-01 00:00:00 UTC,8546.268401,235780567.7
2019-06-02 00:00:00 UTC,8667.321207,233700325.2
2019-06-03 00:00:00 UTC,8525.260127,539932167.8
2019-06-04 00:00:00 UTC,7863.40327,804274084.5
2019-06-05 00:00:00 UTC,7788.851173,384980675.3
2019-06-06 00:00:00 UTC,7760.691562,342392382.7
2019-06-07 00:00:00 UTC,7943.97498,403233049.9
2019-06-08 00:00:00 UTC,7946.377156,198081536.4
2019-06-09 00:00:00 UTC,7808.381574,228918460
2019-06-10 00:00:00 UTC,7828.959371,325732946.7
2019-06-11 00:00:00 UTC,7901.277591,274615996
2019-06-12 00:00:00 UTC,8041.343619,390787144.6
2019-06-13 00:00:00 UTC,8168.606899,314502486.2
2019-06-14 00:00:00 UTC,8352.197165,411618729.4
2019-06-15 00:00:00 UTC,8720.356459,316084897.9
2019-06-16 00:00:00 UTC,9066.277546,736818979.1
2019-06-17 00:00:00 UTC,9211.925934,601917638.4
2019-06-18 00:00:00 UTC,9136.816207,490930484.7
2019-06-19 00:00:00 UTC,9142.972337,282723004
2019-06-20 00:00:00 UTC,9345.391874,412392061.5
2019-06-21 00:00:00 UTC,9788.225791,755871801.8
2019-06-22 00:00:00 UTC,10685.37706,1218774534
2019-06-23 00:00:00 UTC,10724.63795,613132258.9
2019-06-24 00:00:00 UTC,10833.89494,555872484.2
2019-06-25 00:00:00 UTC,11292.74822,899495296.1
2019-06-26 00:00:00 UTC,12594.3338,2789116948
2019-06-27 00:00:00 UTC,11777.06276,2340230154
2019-06-28 00:00:00 UTC,11701.02811,1346439315
2019-06-29 00:00:00 UTC,11861.23667,948729894.9
2019-06-30 00:00:00 UTC,11539.68384,899874106
2019-07-01 00:00:00 UTC,10695.62788,1187960721
2019-07-02 00:00:00 UTC,10314.92138,1211348671
2019-07-03 00:00:00 UTC,11333.50131,1264276930
2019-07-04 00:00:00 UTC,11752.47594,792369305.6
2019-07-05 00:00:00 UTC,11142.87467,699617057.7
2019-07-06 00:00:00 UTC,11419.52599,524027882.2
2019-07-07 00:00:00 UTC,11317.31549,394574768.9
2019-07-08 00:00:00 UTC,11787.46476,757391897.5
2019-07-09 00:00:00 UTC,12481.61814,976385251.4
2019-07-10 00:00:00 UTC,12615.37423,1525919277
2019-07-11 00:00:00 UTC,11586.44565,1169910217
2019-07-12 00:00:00 UTC,11590.45172,601560220.2
2019-07-13 00:00:00 UTC,11426.74144,636913707.8
2019-07-14 00:00:00 UTC,10854.92606,800870828.9
2019-07-15 00:00:00 UTC,10441.84875,924849224
2019-07-16 00:00:00 UTC,10367.89964,1161272060
2019-07-17 00:00:00 UTC,9593.790058,925126125.5
2019-07-18 00:00:00 UTC,10070.99243,1030755101
2019-07-19 00:00:00 UTC,10474.85454,629837346.2
2019-07-20 00:00:00 UTC,10684.627,581463954.3
2019-07-21 00:00:00 UTC,10576.07435,382640865.7
2019-07-22 00:00:00 UTC,10454.85182,505509266.3
2019-07-23 00:00:00 UTC,10087.86454,501131360.7
2019-07-24 00:00:00 UTC,9727.70677,514057750.7
2019-07-25 00:00:00 UTC,10038.26469,389584741.9
2019-07-26 00:00:00 UTC,9792.789705,295258851.1
2019-07-27 00:00:00 UTC,9742.416008,517478498.8
2019-07-28 00:00:00 UTC,9515.571532,279188395.9
2019-07-29 00:00:00 UTC,9559.465024,283877318.1
2019-07-30 00:00:00 UTC,9559.696727,275585721.4
2019-07-31 00:00:00 UTC,9870.43162,391928739.9
2019-08-01 00:00:00 UTC,10093.20327,411721892.8
2019-08-02 00:00:00 UTC,10476.18466,436264591.3
2019-08-03 00:00:00 UTC,10784.06507,348986684.2
2019-08-04 00:00:00 UTC,10815.00205,409876293.8
2019-08-05 00:00:00 UTC,11671.38355,838806731.9
2019-08-06 00:00:00 UTC,11741.50735,929794119.4
2019-08-07 00:00:00 UTC,11708.75995,800430252.6
2019-08-08 00:00:00 UTC,11804.27266,546279375.9
2019-08-09 00:00:00 UTC,11825.13644,429469468.5
2019-08-10 00:00:00 UTC,11584.58608,468221521.5
2019-08-11 00:00:00 UTC,11387.6877,265193339.7
2019-08-12 00:00:00 UTC,11402.17383,204766104.5
2019-08-13 00:00:00 UTC,11148.29895,451368718.4
2019-08-14 00:00:00 UTC,10450.39437,718295670.3
2019-08-15 00:00:00 UTC,10046.38079,801023655.5
2019-08-16 00:00:00 UTC,10257.37795,585847571.3
2019-08-17 00:00:00 UTC,10319.17119,232537743.2
2019-08-18 00:00:00 UTC,10317.85452,205286147.4
2019-08-19 00:00:00 UTC,10632.49772,393726512.1
2019-08-20 00:00:00 UTC,10765.98041,294476115.1
2019-08-21 00:00:00 UTC,10210.19762,539530100.5
2019-08-22 00:00:00 UTC,10078.36901,335155550.2
2019-08-23 00:00:00 UTC,10292.49738,292863291.1
2019-08-24 00:00:00 UTC,10175.14979,269078462.2
2019-08-25 00:00:00 UTC,10126.14638,246311158
2019-08-26 00:00:00 UTC,10359.28592,448848700
2019-08-27 00:00:00 UTC,10193.98174,242967291.6
2019-08-28 00:00:00 UTC,10070.55554,501387264.5
2019-08-29 00:00:00 UTC,9558.68761,380533959.9
2019-08-30 00:00:00 UTC,9576.053976,249076849.2
2019-08-31 00:00:00 UTC,9628.372513,124542542.5
2019-09-01 00:00:00 UTC,9657.384281,131070729
2019-09-02 00:00:00 UTC,9970.230061,400773980.1
2019-09-03 00:00:00 UTC,10523.9383,528002621.6
2019-09-04 00:00:00 UTC,10574.25516,413191486
2019-09-05 00:00:00 UTC,10577.23644,229031912.1
2019-09-06 00:00:00 UTC,10660.19132,562930120.7
2019-09-07 00:00:00 UTC,10441.14987,168744513.2
2019-09-08 00:00:00 UTC,10475.4958,171896762.6
2019-09-09 00:00:00 UTC,10322.10705,307836759
2019-09-10 00:00:00 UTC,10241.81855,253724963.3
2019-09-11 00:00:00 UTC,10088.9723,268192709.6
2019-09-12 00:00:00 UTC,10246.37896,256543296.4
2019-09-13 00:00:00 UTC,10334.40865,230576775.7
2019-09-14 00:00:00 UTC,10357.37024,152086402.8
2019-09-15 00:00:00 UTC,10332.21021,104774675.5
2019-09-16 00:00:00 UTC,10269.73802,260690746.8
2019-09-17 00:00:00 UTC,10235.70882,196648117.5
2019-09-18 00:00:00 UTC,10211.69153,196405170.4
2019-09-19 00:00:00 UTC,10018.85089,448040132.2
2019-09-20 00:00:00 UTC,10199.07826,195059884
2019-09-21 00:00:00 UTC,10063.3893,169413257.1
2019-09-22 00:00:00 UTC,10007.01748,159153381.6
2019-09-23 00:00:00 UTC,9904.920125,305848498.1
2019-09-24 00:00:00 UTC,9447.829171,1166184904
2019-09-25 00:00:00 UTC,8492.180114,594943791.4
2019-09-26 00:00:00 UTC,8278.90357,651858627.7
2019-09-27 00:00:00 UTC,8073.056952,371903299
2019-09-28 00:00:00 UTC,8193.746148,235200542.4
2019-09-29 00:00:00 UTC,8108.050068,216070576.7
2019-09-30 00:00:00 UTC,8110.061567,398411313
2019-10-01 00:00:00 UTC,8398.397032,342615113.2
2019-10-02 00:00:00 UTC,8292.974244,194202218
2019-10-03 00:00:00 UTC,8277.541974,239101472.3
2019-10-04 00:00:00 UTC,8181.091557,198049692.1
2019-10-05 00:00:00 UTC,8142.311864,131224097.6
2019-10-06 00:00:00 UTC,8012.41831,233529268.1
2019-10-07 00:00:00 UTC,8079.886485,304933526.8
2019-10-08 00:00:00 UTC,8232.08602,163613988.8
2019-10-09 00:00:00 UTC,8352.604021,386928900.4
2019-10-10 00:00:00 UTC,8570.069626,240645817.4
2019-10-11 00:00:00 UTC,8421.976929,339665797
2019-10-12 00:00:00 UTC,8362.44599,156070348.6
2019-10-13 00:00:00 UTC,8388.658895,233358654
2019-10-14 00:00:00 UTC,8337.280005,208163942.9
2019-10-15 00:00:00 UTC,8294.232437,268481991
2019-10-16 00:00:00 UTC,8094.348866,308599569.7
2019-10-17 00:00:00 UTC,8065.341221,223223671.8
2019-10-18 00:00:00 UTC,7998.537301,275171362.1
2019-10-19 00:00:00 UTC,8000.930696,203695943.7
2019-10-20 00:00:00 UTC,8062.781317,223070679
2019-10-21 00:00:00 UTC,8255.322333,201239516.1
2019-10-22 00:00:00 UTC,8231.656232,192679105.4
2019-10-23 00:00:00 UTC,7781.164375,485644522.1
2019-10-24 00:00:00 UTC,7493.99525,202936954.6
2019-10-25 00:00:00 UTC,7930.947665,704851532.3
2019-10-26 00:00:00 UTC,9344.465553,1375827774
2019-10-27 00:00:00 UTC,9425.802431,541001933.9
2019-10-28 00:00:00 UTC,9478.310448,509183010.9
2019-10-29 00:00:00 UTC,9383.890678,372887130.6
2019-10-30 00:00:00 UTC,9200.037717,304019853
2019-10-31 00:00:00 UTC,9186.41143,313026547.2
2019-11-01 00:00:00 UTC,9175.887315,237194783.5
2019-11-02 00:00:00 UTC,9298.770306,151564554.3
2019-11-03 00:00:00 UTC,9235.475876,140899668.4
2019-11-04 00:00:00 UTC,9274.120731,273145235.7
2019-11-05 00:00:00 UTC,9355.334368,223244587.4
2019-11-06 00:00:00 UTC,9345.933669,196487076.6
2019-11-07 00:00:00 UTC,9251.780134,182288488.7
2019-11-08 00:00:00 UTC,8999.992453,364440419.8
2019-11-09 00:00:00 UTC,8838.54124,115476747.3
2019-11-10 00:00:00 UTC,8922.602324,175034007.7
2019-11-11 00:00:00 UTC,8827.726951,219172767.1
2019-11-12 00:00:00 UTC,8768.813032,189604246.9
2019-11-13 00:00:00 UTC,8787.57992,125557761.5
2019-11-14 00:00:00 UTC,8695.235914,159470522.7
2019-11-15 00:00:00 UTC,8578.654272,260585867.9
2019-11-16 00:00:00 UTC,8513.76661,82963482.54
2019-11-17 00:00:00 UTC,8555.755243,119065040.9
2019-11-18 00:00:00 UTC,8421.851783,252791022.6
2019-11-19 00:00:00 UTC,8162.368337,189969686.9
2019-11-20 00:00:00 UTC,8143.973763,141086033.1
2019-11-21 00:00:00 UTC,7895.320483,378461210.2
2019-11-22 00:00:00 UTC,7394.835305,684769660.2
2019-11-23 00:00:00 UTC,7302.360493,181132404
2019-11-24 00:00:00 UTC,7207.007337,246352841.8
2019-11-25 00:00:00 UTC,7025.328198,579880702.2
2019-11-26 00:00:00 UTC,7188.808457,247312649.6
2019-11-27 00:00:00 UTC,7302.104443,475988178
2019-11-28 00:00:00 UTC,7565.307714,217005388.2
2019-11-29 00:00:00 UTC,7660.628112,273373240
2019-11-30 00:00:00 UTC,7698.072047,183745003
2019-12-01 00:00:00 UTC,7400.446279,216490203.5
2019-12-02 00:00:00 UTC,7359.680367,174323067.6
2019-12-03 00:00:00 UTC,7367.910007,130053039
2019-12-04 00:00:00 UTC,7319.664467,372038710.2
2019-12-05 00:00:00 UTC,7371.449741,211071048.8
2019-12-06 00:00:00 UTC,7448.139178,206048054.9
2019-12-07 00:00:00 UTC,7574.737539,102131766.8
2019-12-08 00:00:00 UTC,7536.534048,113612914.5
2019-12-09 00:00:00 UTC,7502.98891,252750945.7
2019-12-10 00:00:00 UTC,7343.998665,160447192.2
2019-12-11 00:00:00 UTC,7256.81279,138276925.8
2019-12-12 00:00:00 UTC,7221.513028,194366985.9
2019-12-13 00:00:00 UTC,7276.1965,134025557.9
2019-12-14 00:00:00 UTC,7210.533466,110584527.9
2019-12-15 00:00:00 UTC,7140.832342,112236455.9
2019-12-16 00:00:00 UTC,7085.997456,295066392.7
2019-12-17 00:00:00 UTC,6848.510854,305770802.9
2019-12-18 00:00:00 UTC,6831.84754,467929818.5
2019-12-19 00:00:00 UTC,7199.870102,224740908.8
2019-12-20 00:00:00 UTC,7202.088522,155877017.1
2019-12-21 00:00:00 UTC,7198.646744,82722370.13
2019-12-22 00:00:00 UTC,7278.225752,191135491.5
2019-12-23 00:00:00 UTC,7546.141854,310194629.2
2019-12-24 00:00:00 UTC,7337.749755,182441930
2019-12-25 00:00:00 UTC,7258.759309,103879526.1
2019-12-26 00:00:00 UTC,7272.753502,167128549.6
2019-12-27 00:00:00 UTC,7243.86015,177959897.3
2019-12-28 00:00:00 UTC,7346.903909,106520360.5
2019-12-29 00:00:00 UTC,7389.380796,130744191.3
2019-12-30 00:00:00 UTC,7339.948566,162260807.9
2019-12-31 00:00:00 UTC,7246.460378,134567979.8
2020-01-01 00:00:00 UTC,7246.801659,84846403.68
2020-01-02 00:00:00 UTC,7122.942026,175065964.3
2020-01-03 00:00:00 UTC,7268.248633,303184831.3
2020-01-04 00:00:00 UTC,7361.723546,133012002.4
2020-01-05 00:00:00 UTC,7464.90135,143535666.3
2020-01-06 00:00:00 UTC,7567.419874,282637341.8
2020-01-07 00:00:00 UTC,7954.965758,479902865.2
2020-01-08 00:00:00 UTC,8255.923214,540583996.4
2020-01-09 00:00:00 UTC,7930.050633,238432354.2
2020-01-10 00:00:00 UTC,7928.942898,336783599.6
2020-01-11 00:00:00 UTC,8149.676452,191661960.4
2020-01-12 00:00:00 UTC,8150.436826,115374495.2
2020-01-13 00:00:00 UTC,8142.749877,148257683.1
2020-01-14 00:00:00 UTC,8605.06424,707363898
2020-01-15 00:00:00 UTC,8766.167279,389671853.4
2020-01-16 00:00:00 UTC,8699.879744,258738761.8
2020-01-17 00:00:00 UTC,8876.192843,416739689.5
2020-01-18 00:00:00 UTC,8916.426403,173729462.5
2020-01-19 00:00:00 UTC,8874.872685,437531946.7
2020-01-20 00:00:00 UTC,8677.223823,182112683.3
2020-01-21 00:00:00 UTC,8676.668239,192334611.5
2020-01-22 00:00:00 UTC,8695.847197,146608817
2020-01-23 00:00:00 UTC,8469.49522,308352630.4
2020-01-24 00:00:00 UTC,8419.934979,224431975.8
2020-01-25 00:00:00 UTC,8361.077646,116034616.4
2020-01-26 00:00:00 UTC,8470.101217,185564295.8
2020-01-27 00:00:00 UTC,8755.082834,314994845.8
2020-01-28 00:00:00 UTC,9064.042729,445286935.5
2020-01-29 00:00:00 UTC,9340.311154,307442284.4
2020-01-30 00:00:00 UTC,9375.80467,397095708.6
2020-01-31 00:00:00 UTC,9349.979145,264078359.7
2020-02-01 00:00:00 UTC,9380.908536,122785426.6
2020-02-02 00:00:00 UTC,9385.141558,215835502.9
2020-02-03 00:00:00 UTC,9339.550172,303562161.4
2020-02-04 00:00:00 UTC,9216.412003,223105930.3
2020-02-05 00:00:00 UTC,9412.576671,411935717.6
2020-02-06 00:00:00 UTC,9690.444077,380564982.3
2020-02-07 00:00:00 UTC,9777.363541,232487981.5
2020-02-08 00:00:00 UTC,9812.504294,231955815
2020-02-09 00:00:00 UTC,10078.72737,321585973.1
2020-02-10 00:00:00 UTC,9915.288302,392640488.3
2020-02-11 00:00:00 UTC,9957.046814,463589417.6
2020-02-12 00:00:00 UTC,10341.91084,417492081.5
2020-02-13 00:00:00 UTC,10287.99905,491308923.8
2020-02-14 00:00:00 UTC,10260.92459,270269779.4
2020-02-15 00:00:00 UTC,10137.95335,327799444
2020-02-16 00:00:00 UTC,9907.191055,268311889.8
2020-02-17 00:00:00 UTC,9725.334585,330112918.8
2020-02-18 00:00:00 UTC,9851.527283,358037216
2020-02-19 00:00:00 UTC,10090.40357,519400800.5
2020-02-20 00:00:00 UTC,9608.864194,330091986.1
2020-02-21 00:00:00 UTC,9716.952547,277837080.3
2020-02-22 00:00:00 UTC,9692.59294,107739255.6
2020-02-23 00:00:00 UTC,9895.708957,218501163.8
2020-02-24 00:00:00 UTC,9750.901202,314725247
2020-02-25 00:00:00 UTC,9517.07949,308034881.5
2020-02-26 00:00:00 UTC,9073.579453,559670827.4
2020-02-27 00:00:00 UTC,8840.931978,391653047
2020-02-28 00:00:00 UTC,8743.210371,322787026.6
2020-02-29 00:00:00 UTC,8728.138629,129831732.5
2020-03-01 00:00:00 UTC,8603.6505,199325443.2
2020-03-02 00:00:00 UTC,8785.560017,266614004.8
2020-03-03 00:00:00 UTC,8825.237435,230411663.1
2020-03-04 00:00:00 UTC,8798.276352,175654435.3
2020-03-05 00:00:00 UTC,9056.954118,291802584.7
2020-03-06 00:00:00 UTC,9136.149764,188138588.9
2020-03-07 00:00:00 UTC,9088.544467,174294127
2020-03-08 00:00:00 UTC,8612.555021,535820710
2020-03-09 00:00:00 UTC,7939.512925,623596224.9
2020-03-10 00:00:00 UTC,7997.388365,399449924.8
2020-03-11 00:00:00 UTC,7900.176447,344442806.4
2020-03-12 00:00:00 UTC,6714.491757,2153665932
2020-03-13 00:00:00 UTC,5380.37084,1851375019
2020-03-14 00:00:00 UTC,5475.098267,460027087.6
2020-03-15 00:00:00 UTC,5375.546567,576938269.5
2020-03-16 00:00:00 UTC,5053.946804,983538818.4
2020-03-17 00:00:00 UTC,5367.626338,580905054.8
2020-03-18 00:00:00 UTC,5334.138939,571848910.3
2020-03-19 00:00:00 UTC,5801.109681,869329350.9
2020-03-20 00:00:00 UTC,6393.452605,962307070.2
2020-03-21 00:00:00 UTC,6196.712083,415332681
2020-03-22 00:00:00 UTC,6169.625,459974900.9
2020-03-23 00:00:00 UTC,6150.342924,689142517.2
2020-03-24 00:00:00 UTC,6687.461074,698290857.9
2020-03-25 00:00:00 UTC,6691.284497,555881547.9
2020-03-26 00:00:00 UTC,6700.470021,295667744.8
2020-03-27 00:00:00 UTC,6714.164682,385778416.7
2020-03-28 00:00:00 UTC,6257.783163,365828064.5
2020-03-29 00:00:00 UTC,6143.748022,289000360.6
2020-03-30 00:00:00 UTC,6311.542102,432035577.2
2020-03-31 00:00:00 UTC,6486.101837,221496274.7
2020-04-01 00:00:00 UTC,6343.814306,367050974.3
2020-04-02 00:00:00 UTC,6747.150078,633459794.6
2020-04-03 00:00:00 UTC,6833.211643,361645774.4
2020-04-04 00:00:00 UTC,6791.411129,232166022.9
2020-04-05 00:00:00 UTC,6813.927311,178979392.2
2020-04-06 00:00:00 UTC,7101.973458,537366329.5
2020-04-07 00:00:00 UTC,7328.49925,459972806.3
2020-04-08 00:00:00 UTC,7316.739417,332469195.1
2020-04-09 00:00:00 UTC,7315.751284,299611267.1
2020-04-10 00:00:00 UTC,6990.442808,437587331.2
2020-04-11 00:00:00 UTC,6893.969308,158239897.9
2020-04-12 00:00:00 UTC,6973.970239,280845306.6
2020-04-13 00:00:00 UTC,6782.958761,420835148.6
2020-04-14 00:00:00 UTC,6917.034777,240457746.6
2020-04-15 00:00:00 UTC,6836.994882,267482799.4
2020-04-16 00:00:00 UTC,6944.942906,584799242.7
2020-04-17 00:00:00 UTC,7089.702114,259707517.7
2020-04-18 00:00:00 UTC,7165.025534,214160319.4
2020-04-19 00:00:00 UTC,7180.554107,178289989.6
2020-04-20 00:00:00 UTC,7064.78236,363500820.3
2020-04-21 00:00:00 UTC,6889.216155,246892052.5
2020-04-22 00:00:00 UTC,7017.977254,241986155.1
2020-04-23 00:00:00 UTC,7303.46036,524321636.1
2020-04-24 00:00:00 UTC,7522.766339,314537973.9
2020-04-25 00:00:00 UTC,7545.101371,188492147.8
2020-04-26 00:00:00 UTC,7601.176745,209951074.5
2020-04-27 00:00:00 UTC,7714.811903,305949206.1
2020-04-28 00:00:00 UTC,7733.405447,246189973.3
2020-04-29 00:00:00 UTC,8249.09752,1125294580
2020-04-30 00:00:00 UTC,8886.525193,1179151181
2020-05-01 00:00:00 UTC,8785.576499,486142629.8
2020-05-02 00:00:00 UTC,8877.198293,250066926.8
2020-05-03 00:00:00 UTC,8978.799464,436674862.4
2020-05-04 00:00:00 UTC,8773.027277,446005128.1
2020-05-05 00:00:00 UTC,8933.187776,410981947.6
2020-05-06 00:00:00 UTC,9159.40009,637280494.7
2020-05-07 00:00:00 UTC,9486.765685,1066986725
2020-05-08 00:00:00 UTC,9915.374217,736025908.6
2020-05-09 00:00:00 UTC,9720.035323,456067929.2
2020-05-10 00:00:00 UTC,8681.778539,1215521619
2020-05-11 00:00:00 UTC,8709.14708,1067765777
2020-05-12 00:00:00 UTC,8781.81998,458915406.3
2020-05-13 00:00:00 UTC,9047.470674,435394998.2
2020-05-14 00:00:00 UTC,9580.954034,783672417.9
2020-05-15 00:00:00 UTC,9516.344697,674017105.2
2020-05-16 00:00:00 UTC,9402.543333,280651216
2020-05-17 00:00:00 UTC,9623.236814,424778113.5
2020-05-18 00:00:00 UTC,9713.704683,509146799.1
2020-05-19 00:00:00 UTC,9667.844183,447191227.5
2020-05-20 00:00:00 UTC,9668.966781,509200688
2020-05-21 00:00:00 UTC,9278.399486,690118040.7
2020-05-22 00:00:00 UTC,9127.638653,319401916.4
2020-05-23 00:00:00 UTC,9209.741764,178987062.7
2020-05-24 00:00:00 UTC,9126.072598,353961483.1
2020-05-25 00:00:00 UTC,8832.590118,325196725.8
2020-05-26 00:00:00 UTC,8874.6067,275779487
2020-05-27 00:00:00 UTC,9040.551115,316241289.9
2020-05-28 00:00:00 UTC,9321.697164,438730737.3
2020-05-29 00:00:00 UTC,9451.70736,303048901.3
2020-05-30 00:00:00 UTC,9507.672335,305387441
2020-05-31 00:00:00 UTC,9542.21175,235234243.4
2020-06-01 00:00:00 UTC,9580.189582,630746026.8
2020-06-02 00:00:00 UTC,9852.789566,992823729
2020-06-03 00:00:00 UTC,9552.920576,286340290.8
2020-06-04 00:00:00 UTC,9698.753179,365450300.7
2020-06-05 00:00:00 UTC,9737.408998,318007298.3
2020-06-06 00:00:00 UTC,9638.58217,179027755
2020-06-07 00:00:00 UTC,9622.351811,309897392.2
2020-06-08 00:00:00 UTC,9723.753186,237894589.1
2020-06-09 00:00:00 UTC,9711.06143,302097080.1
2020-06-10 00:00:00 UTC,9787.540782,347735260.5
2020-06-11 00:00:00 UTC,9639.341939,748478790.1
2020-06-12 00:00:00 UTC,9419.55528,304977427.5
2020-06-13 00:00:00 UTC,9434.026613,135495731.2
2020-06-14 00:00:00 UTC,9413.71055,160020628
2020-06-15 00:00:00 UTC,9257.6542,521492936.9
2020-06-16 00:00:00 UTC,9504.469449,291295550.1
2020-06-17 00:00:00 UTC,9452.248635,258311572.9
2020-06-18 00:00:00 UTC,9413.347888,179771654.3
2020-06-19 00:00:00 UTC,9339.052039,230732704.2
2020-06-20 00:00:00 UTC,9316.248296,160706753.1
2020-06-21 00:00:00 UTC,9365.13314,99581282.2
2020-06-22 00:00:00 UTC,9492.516405,322031942.8
2020-06-23 00:00:00 UTC,9641.491176,232865163.1
2020-06-24 00:00:00 UTC,9445.441656,378732137.2
2020-06-25 00:00:00 UTC,9250.581519,356759022.9
2020-06-26 00:00:00 UTC,9199.529098,295778097.2
2020-06-27 00:00:00 UTC,9126.318803,220557099.7
2020-06-28 00:00:00 UTC,9084.653636,151384309.4
2020-06-29 00:00:00 UTC,9141.212309,232538227.4
2020-06-30 00:00:00 UTC,9166.075643,164777688.6
2020-07-01 00:00:00 UTC,9203.19691,207515981.7
2020-07-02 00:00:00 UTC,9178.454575,283530277.9
2020-07-03 00:00:00 UTC,9111.861712,160032081.8
2020-07-04 00:00:00 UTC,9110.874648,119273393.4
2020-07-05 00:00:00 UTC,9080.392097,133688004.8
2020-07-06 00:00:00 UTC,9223.3387,265708718
2020-07-07 00:00:00 UTC,9273.281324,191965009.8
2020-07-08 00:00:00 UTC,9352.274552,271198083.9
2020-07-09 00:00:00 UTC,9334.683163,236804036.3
2020-07-10 00:00:00 UTC,9204.122677,177820322.8
2020-07-11 00:00:00 UTC,9245.576423,91321114.13
2020-07-12 00:00:00 UTC,9256.570615,132542204.8
2020-07-13 00:00:00 UTC,9284.374726,201170310.8
2020-07-14 00:00:00 UTC,9225.349522,199955645.7
2020-07-15 00:00:00 UTC,9227.708866,181465913.6
2020-07-16 00:00:00 UTC,9139.762505,233317491.6
2020-07-17 00:00:00 UTC,9144.429186,161369880.4
2020-07-18 00:00:00 UTC,9171.555251,100506993.7
2020-07-19 00:00:00 UTC,9164.745577,101237811.8
2020-07-20 00:00:00 UTC,9186.889613,148749267.6
2020-07-21 00:00:00 UTC,9315.345064,276332293.6
2020-07-22 00:00:00 UTC,9371.224505,257420333.2
2020-07-23 00:00:00 UTC,9544.98143,355772680.8
2020-07-24 00:00:00 UTC,9561.266588,265387753
2020-07-25 00:00:00 UTC,9623.995862,195957796.4
2020-07-26 00:00:00 UTC,9834.483818,388911738.8
2020-07-27 00:00:00 UTC,10442.96164,1238525938
2020-07-28 00:00:00 UTC,10982.61219,767487983.5
2020-07-29 00:00:00 UTC,11099.75762,585679907
2020-07-30 00:00:00 UTC,11036.79495,403886585.9
2020-07-31 00:00:00 UTC,11198.58122,487133122.5
2020-08-01 00:00:00 UTC,11609.46148,600290255.8
2020-08-02 00:00:00 UTC,11315.20497,784654357.2
2020-08-03 00:00:00 UTC,11252.21515,386229609.8
2020-08-04 00:00:00 UTC,11242.19582,323629004.3
2020-08-05 00:00:00 UTC,11467.64267,461465624.8
2020-08-06 00:00:00 UTC,11750.85784,490223442.7
2020-08-07 00:00:00 UTC,11711.80866,580905704.7
2020-08-08 00:00:00 UTC,11684.53496,223172704.8
2020-08-09 00:00:00 UTC,11671.42752,196989374.6
2020-08-10 00:00:00 UTC,11891.25993,586114873.4
2020-08-11 00:00:00 UTC,11624.4612,595780803.4
2020-08-12 00:00:00 UTC,11465.172,364461360.8
2020-08-13 00:00:00 UTC,11552.67122,430774426.5
2020-08-14 00:00:00 UTC,11757.05649,375994246.3
2020-08-15 00:00:00 UTC,11874.35816,313633002.3
2020-08-16 00:00:00 UTC,11849.06584,216661219.2
2020-08-17 00:00:00 UTC,12063.23207,680154527.8
2020-08-18 00:00:00 UTC,12163.82804,561915222.8
2020-08-19 00:00:00 UTC,11798.46523,509386941.8
2020-08-20 00:00:00 UTC,11803.51188,273110218.6
2020-08-21 00:00:00 UTC,11746.79966,425485000.7
2020-08-22 00:00:00 UTC,11564.44474,240952841.3
2020-08-23 00:00:00 UTC,11626.67902,153423224.5
2020-08-24 00:00:00 UTC,11739.60692,211588255
2020-08-25 00:00:00 UTC,11507.8493,425782465.1
2020-08-26 00:00:00 UTC,11409.58097,258786951.9
2020-08-27 00:00:00 UTC,11351.99741,398988836.9
2020-08-28 00:00:00 UTC,11448.29779,291458163.9
2020-08-29 00:00:00 UTC,11512.25156,154599260.8
2020-08-30 00:00:00 UTC,11603.42998,157201577.9
2020-08-31 00:00:00 UTC,11689.65833,264236415.2
2020-09-01 00:00:00 UTC,11877.16396,457969851
2020-09-02 00:00:00 UTC,11578.53767,593552688.2
2020-09-03 00:00:00 UTC,11038.291,898204966.7
2020-09-04 00:00:00 UTC,10393.56623,709944627.9
2020-09-05 00:00:00 UTC,10268.68325,550167085.3
2020-09-06 00:00:00 UTC,10207.68823,232654642.6
2020-09-07 00:00:00 UTC,10164.49005,355480980.1
2020-09-08 00:00:00 UTC,10150.68905,444072413.3
2020-09-09 00:00:00 UTC,10192.708,259954772.4
2020-09-10 00:00:00 UTC,10344.8849,341067871.3
2020-09-11 00:00:00 UTC,10307.87765,226456488.1
2020-09-12 00:00:00 UTC,10375.48288,160687841.4
2020-09-13 00:00:00 UTC,10399.63277,253312722.8
2020-09-14 00:00:00 UTC,10515.2489,351292793.4
2020-09-15 00:00:00 UTC,10779.66552,354934867.2
2020-09-16 00:00:00 UTC,10904.03064,352301811
2020-09-17 00:00:00 UTC,10898.06121,261372088.5
2020-09-18 00:00:00 UTC,10930.81867,234155656.2
2020-09-19 00:00:00 UTC,11020.7227,169640660.4
2020-09-20 00:00:00 UTC,10921.61751,179848054.2
2020-09-21 00:00:00 UTC,10680.107,443942168.2
2020-09-22 00:00:00 UTC,10474.60095,233120359.4
2020-09-23 00:00:00 UTC,10438.12764,275860706
2020-09-24 00:00:00 UTC,10452.32692,304603632.8
2020-09-25 00:00:00 UTC,10676.94971,283374773.7
2020-09-26 00:00:00 UTC,10724.18519,126506756.5
2020-09-27 00:00:00 UTC,10723.08875,136106449.5
2020-09-28 00:00:00 UTC,10883.96082,269402006.1
2020-09-29 00:00:00 UTC,10736.00247,215170974.4
2020-09-30 00:00:00 UTC,10747.57217,191508123.8
2020-10-01 00:00:00 UTC,10761.45404,398722968.1
2020-10-02 00:00:00 UTC,10533.60968,311627094.3
2020-10-03 00:00:00 UTC,10556.98122,94220197.47
2020-10-04 00:00:00 UTC,10611.70494,109106599.6
2020-10-05 00:00:00 UTC,10710.56174,184767338.6
2020-10-06 00:00:00 UTC,10703.06107,242998923.4
2020-10-07 00:00:00 UTC,10623.82708,208284025.8
2020-10-08 00:00:00 UTC,10740.00053,323083959.9
2020-10-09 00:00:00 UTC,10989.24861,280783491.3
2020-10-10 00:00:00 UTC,11338.27469,275437709.7
2020-10-11 00:00:00 UTC,11365.12258,159152724
2020-10-12 00:00:00 UTC,11450.58573,385339583.6
2020-10-13 00:00:00 UTC,11452.77652,284347116.6
2020-10-14 00:00:00 UTC,11409.97774,230144344.3
2020-10-15 00:00:00 UTC,11418.06698,281179734.1
2020-10-16 00:00:00 UTC,11368.03123,277454932.3
2020-10-17 00:00:00 UTC,11347.56289,109323807.6
2020-10-18 00:00:00 UTC,11436.09755,105878056.7
2020-10-19 00:00:00 UTC,11584.16039,321808273.4
2020-10-20 00:00:00 UTC,11848.73497,414546300.7
2020-10-21 00:00:00 UTC,12465.8498,1094742161
2020-10-22 00:00:00 UTC,12932.82395,598033230.8
2020-10-23 00:00:00 UTC,12933.29335,348493394.6
2020-10-24 00:00:00 UTC,13028.55856,225978240.6
2020-10-25 00:00:00 UTC,13053.19449,306345082.9
2020-10-26 00:00:00 UTC,13065.39023,404596655.5
2020-10-27 00:00:00 UTC,13367.96024,694828293.3
2020-10-28 00:00:00 UTC,13441.65184,712122731.1
2020-10-29 00:00:00 UTC,13328.62676,510535401.3
2020-10-30 00:00:00 UTC,13433.01372,553034060
2020-10-31 00:00:00 UTC,13742.25929,502181464.3
2020-11-01 00:00:00 UTC,13767.15794,233820228.6
2020-11-02 00:00:00 UTC,13592.89119,477149960.6
2020-11-03 00:00:00 UTC,13609.21265,468267802.5
2020-11-04 00:00:00 UTC,13896.61936,694922551.2
2020-11-05 00:00:00 UTC,14732.24511,1283778124
2020-11-06 00:00:00 UTC,15576.11503,1020380221
2020-11-07 00:00:00 UTC,15335.20603,920760114.9
2020-11-08 00:00:00 UTC,15202.65931,475806213.7
2020-11-09 00:00:00 UTC,15378.96389,887234227.1
2020-11-10 00:00:00 UTC,15323.59467,517149150.8
2020-11-11 00:00:00 UTC,15595.90475,655501566.5
2020-11-12 00:00:00 UTC,15930.37547,1011906252
2020-11-13 00:00:00 UTC,16288.1026,650475928.6
2020-11-14 00:00:00 UTC,16024.88149,423203995.6
2020-11-15 00:00:00 UTC,15995.80041,270582917.7
2020-11-16 00:00:00 UTC,16371.36089,653699407.2
2020-11-17 00:00:00 UTC,17082.04235,1080702449
2020-11-18 00:00:00 UTC,17873.36254,1534801196
2020-11-19 00:00:00 UTC,17840.66583,785547362.1
2020-11-20 00:00:00 UTC,18339.18733,861960706
2020-11-21 00:00:00 UTC,18706.07454,656940137
2020-11-22 00:00:00 UTC,18418.33267,752967450.3
2020-11-23 00:00:00 UTC,18443.19287,864030737.2
2020-11-24 00:00:00 UTC,18859.72085,1328950536
2020-11-25 00:00:00 UTC,19049.24538,1032836701
2020-11-26 00:00:00 UTC,17378.22038,2276290018
2020-11-27 00:00:00 UTC,16995.31173,930199449.6
2020-11-28 00:00:00 UTC,17319.1683,560123445.8
2020-11-29 00:00:00 UTC,17995.14996,447586432.6
2020-11-30 00:00:00 UTC,18915.16327,1388461416
2020-12-01 00:00:00 UTC,19253.95496,1553720942
2020-12-02 00:00:00 UTC,18956.37612,759071427.6
2020-12-03 00:00:00 UTC,19291.03618,680585546.9
2020-12-04 00:00:00 UTC,19115.72566,781643206.5
2020-12-05 00:00:00 UTC,18996.79923,317860829.1
2020-12-06 00:00:00 UTC,19149.188,359347760.9
2020-12-07 00:00:00 UTC,19203.08664,424540277.5
2020-12-08 00:00:00 UTC,18936.29848,766095475
2020-12-09 00:00:00 UTC,18263.93346,942242565.5
2020-12-10 00:00:00 UTC,18304.9918,626321007.6
2020-12-11 00:00:00 UTC,17939.05392,730606206.9
2020-12-12 00:00:00 UTC,18472.53211,429417475.8
2020-12-13 00:00:00 UTC,19119.58679,523962279.8
2020-12-14 00:00:00 UTC,19164.61469,416652962.1
2020-12-15 00:00:00 UTC,19352.03137,744009408
2020-12-16 00:00:00 UTC,20083.1459,1799484269
2020-12-17 00:00:00 UTC,22605.8008,3037842531
2020-12-18 00:00:00 UTC,22877.15234,1237339917
2020-12-19 00:00:00 UTC,23355.80015,1088530521
2020-12-20 00:00:00 UTC,23592.20508,916850848
2020-12-21 00:00:00 UTC,23247.53344,1597507994
2020-12-22 00:00:00 UTC,23097.51967,1052113267
2020-12-23 00:00:00 UTC,23529.46778,1444320978
2020-12-24 00:00:00 UTC,23220.39565,863910275.5
2020-12-25 00:00:00 UTC,24018.30284,1104664543
2020-12-26 00:00:00 UTC,25266.98554,1491143976
2020-12-27 00:00:00 UTC,27020.81797,2284128817
2020-12-28 00:00:00 UTC,26956.73857,1322310995
2020-12-29 00:00:00 UTC,26668.20622,1365145465
2020-12-30 00:00:00 UTC,28139.70452,1862173629
2020-12-31 00:00:00 UTC,28847.27452,1768590451
2021-01-01 00:00:00 UTC,29266.20704,1423661130
2021-01-02 00:00:00 UTC,30749.76795,3522418844
2021-01-03 00:00:00 UTC,33453.46311,2915101951
2021-01-04 00:00:00 UTC,31823.50574,3544419976
2021-01-05 00:00:00 UTC,32243.85617,2878647321
2021-01-06 00:00:00 UTC,34866.74944,3677586994
2021-01-07 00:00:00 UTC,38010.3058,4843358019
2021-01-08 00:00:00 UTC,39773.50818,4617635329
2021-01-09 00:00:00 UTC,40373.91511,2195700865
2021-01-10 00:00:00 UTC,39677.8667,3851638500
2021-01-11 00:00:00 UTC,34223.81935,8177275285
2021-01-12 00:00:00 UTC,34824.00748,4497942717
2021-01-13 00:00:00 UTC,34681.38812,3241348615
2021-01-14 00:00:00 UTC,38323.92321,2834448992
2021-01-15 00:00:00 UTC,37506.3424,3062447604
2021-01-16 00:00:00 UTC,36840.65102,1861310399
2021-01-17 00:00:00 UTC,35646.32973,1667423061
2021-01-18 00:00:00 UTC,36045.69924,1298527166
2021-01-19 00:00:00 UTC,36861.66552,1632346341
2021-01-20 00:00:00 UTC,35350.91894,2107798966
2021-01-21 00:00:00 UTC,32920.83026,3831671200
2021-01-22 00:00:00 UTC,31873.94144,3147391555
2021-01-23 00:00:00 UTC,32365.62422,1153880792
2021-01-24 00:00:00 UTC,32634.5797,980263898.3
2021-01-25 00:00:00 UTC,33378.78112,1805551463
2021-01-26 00:00:00 UTC,32009.6467,1747457751
2021-01-27 00:00:00 UTC,31834.17338,3096542381
2021-01-28 00:00:00 UTC,31814.79993,2416442748
2021-01-29 00:00:00 UTC,35716.54709,5802864867
2021-01-30 00:00:00 UTC,34060.94891,1496006433
2021-01-31 00:00:00 UTC,33439.21272,1095352653
2021-02-01 00:00:00 UTC,33706.31508,1462333851
2021-02-02 00:00:00 UTC,34744.77723,1443065899
2021-02-03 00:00:00 UTC,36582.18523,1867626646
2021-02-04 00:00:00 UTC,37514.67781,2264366278
2021-02-05 00:00:00 UTC,37630.13213,1192908180
2021-02-06 00:00:00 UTC,39821.77196,2295440263
2021-02-07 00:00:00 UTC,38681.22927,1572533309
2021-02-08 00:00:00 UTC,41255.32293,4771603352
2021-02-09 00:00:00 UTC,46601.02541,3684528105
2021-02-10 00:00:00 UTC,45710.14313,2381912414
2021-02-11 00:00:00 UTC,46269.38188,2649466740
2021-02-12 00:00:00 UTC,47583.62509,2295809457
2021-02-13 00:00:00 UTC,47257.57801,1151030591
2021-02-14 00:00:00 UTC,48598.919,1600939872
2021-02-15 00:00:00 UTC,47885.82384,2043177011
2021-02-16 00:00:00 UTC,48894.84757,2618062461
2021-02-17 00:00:00 UTC,50934.45313,2806471449
2021-02-18 00:00:00 UTC,51888.15378,1743763275
2021-02-19 00:00:00 UTC,53092.55037,3248371606
2021-02-20 00:00:00 UTC,56226.92635,2573580919
2021-02-21 00:00:00 UTC,57173.415,1648639713
2021-02-22 00:00:00 UTC,54771.10363,5890540411
2021-02-23 00:00:00 UTC,48878.18131,6861293211
2021-02-24 00:00:00 UTC,49793.49548,3129849409
2021-02-25 00:00:00 UTC,49973.13556,2789675746
2021-02-26 00:00:00 UTC,46891.41992,3718534578
2021-02-27 00:00:00 UTC,47193.28333,1520107925
2021-02-28 00:00:00 UTC,44802.3775,2267550727
2021-03-01 00:00:00 UTC,47691.24347,2556813325
2021-03-02 00:00:00 UTC,48605.63969,1829967561
2021-03-03 00:00:00 UTC,50455.76645,2286283792
2021-03-04 00:00:00 UTC,49425.86961,2208200715
2021-03-05 00:00:00 UTC,47733.64432,2364791281
2021-03-06 00:00:00 UTC,48380.93443,1084523947
2021-03-07 00:00:00 UTC,50257.43731,1389848950
2021-03-08 00:00:00 UTC,50825.95576,1831207761
2021-03-09 00:00:00 UTC,53992.5989,2298201429
2021-03-10 00:00:00 UTC,55376.0137,3140084054
2021-03-11 00:00:00 UTC,56300.83084,2696357441
2021-03-12 00:00:00 UTC,56838.10747,2455380164
2021-03-13 00:00:00 UTC,58811.3548,3061769096
2021-03-14 00:00:00 UTC,60426.19535,1668155915
2021-03-15 00:00:00 UTC,57471.05433,3581284878
2021-03-16 00:00:00 UTC,55333.14696,2795876395
2021-03-17 00:00:00 UTC,56142.26757,2706428299
2021-03-18 00:00:00 UTC,58471.93664,2429517285
2021-03-19 00:00:00 UTC,58271.04193,1829805022
2021-03-20 00:00:00 UTC,58790.33739,1330691350
2021-03-21 00:00:00 UTC,57266.14887,1631220196
2021-03-22 00:00:00 UTC,56783.91698,2385014295
2021-03-23 00:00:00 UTC,54745.13828,2066448640
2021-03-24 00:00:00 UTC,55088.13241,3034521633
2021-03-25 00:00:00 UTC,52147.81476,2879078757
2021-03-26 00:00:00 UTC,53258.32411,1778418893
2021-03-27 00:00:00 UTC,55206.581,1235719097
2021-03-28 00:00:00 UTC,55835.5228,1095393479
2021-03-29 00:00:00 UTC,56947.3227,2301922162
2021-03-30 00:00:00 UTC,58383.31672,1839612946
2021-03-31 00:00:00 UTC,58688.78217,2197109249
2021-04-01 00:00:00 UTC,58858.15383,1286921291
2021-04-02 00:00:00 UTC,59262.53338,1486814012
2021-04-03 00:00:00 UTC,58905.17496,1236250907
2021-04-04 00:00:00 UTC,57712.83126,890496976.6
2021-04-05 00:00:00 UTC,58097.11863,1253812255
2021-04-06 00:00:00 UTC,58458.7971,1295338317
2021-04-07 00:00:00 UTC,56957.24648,2234714751
2021-04-08 00:00:00 UTC,57191.65607,1178862989
2021-04-09 00:00:00 UTC,58205.63813,1083156817
2021-04-10 00:00:00 UTC,59857.74633,2031723140
2021-04-11 00:00:00 UTC,59778.19089,1029533605
2021-04-12 00:00:00 UTC,60097.09658,1544459966
2021-04-13 00:00:00 UTC,62080.56825,2707695135
2021-04-14 00:00:00 UTC,63414.96437,3097983161
2021-04-15 00:00:00 UTC,62904.01344,1596350985
2021-04-16 00:00:00 UTC,62093.53924,2825869656
2021-04-17 00:00:00 UTC,60825.4338,1570750683
2021-04-18 00:00:00 UTC,56499.67487,5317405263
2021-04-19 00:00:00 UTC,56432.05204,2258523243
2021-04-20 00:00:00 UTC,55529.13316,2394702023
2021-04-21 00:00:00 UTC,55431.01395,1891720770
2021-04-22 00:00:00 UTC,54145.95073,3504681889
2021-04-23 00:00:00 UTC,49849.89615,4153993540
2021-04-24 00:00:00 UTC,50097.85071,1340481215
2021-04-25 00:00:00 UTC,49669.01744,1767192394
2021-04-26 00:00:00 UTC,53059.45409,2344534173
2021-04-27 00:00:00 UTC,54894.95,1656095866
2021-04-28 00:00:00 UTC,54799.56781,1780638112
2021-04-29 00:00:00 UTC,54148.31513,1729192500
2021-04-30 00:00:00 UTC,55684.42892,2014450411
2021-05-01 00:00:00 UTC,57784.31513,1211415111
2021-05-02 00:00:00 UTC,56769.23577,958346164.6
2021-05-03 00:00:00 UTC,57912.0674,1881345939
2021-05-04 00:00:00 UTC,55253.1004,2709760356
2021-05-05 00:00:00 UTC,55857.18242,2473137090
2021-05-06 00:00:00 UTC,57298.67619,2247282462
2021-05-07 00:00:00 UTC,56830.81366,2054274123
2021-05-08 00:00:00 UTC,58541.1784,1868076619
2021-05-09 00:00:00 UTC,57973.52144,2014862967
2021-05-10 00:00:00 UTC,57746.86308,3097052201
2021-05-11 00:00:00 UTC,56219.79642,1833597037
2021-05-12 00:00:00 UTC,55912.86348,2472967353
2021-05-13 00:00:00 UTC,49794.46668,4623899411
2021-05-14 00:00:00 UTC,50201.89347,1992150502
2021-05-15 00:00:00 UTC,48839.64804,2095971975
2021-05-16 00:00:00 UTC,47705.29224,3125125860
2021-05-17 00:00:00 UTC,44307.25515,4948638892
2021-05-18 00:00:00 UTC,44187.92434,2505382541
2021-05-19 00:00:00 UTC,39132.90041,9988780996
2021-05-20 00:00:00 UTC,40242.62927,4508043602
2021-05-21 00:00:00 UTC,39094.28995,4485592561
2021-05-22 00:00:00 UTC,37535.28839,2282282186
2021-05-23 00:00:00 UTC,35090.06084,3818300627
2021-05-24 00:00:00 UTC,37059.72181,3216191723
2021-05-25 00:00:00 UTC,38293.44718,1989917718
2021-05-26 00:00:00 UTC,39277.50509,1983072614
2021-05-27 00:00:00 UTC,38825.49549,1462568913
2021-05-28 00:00:00 UTC,36600.64737,2389358470
2021-05-29 00:00:00 UTC,35268.43242,1715047203
2021-05-30 00:00:00 UTC,35488.77365,1106347094
2021-05-31 00:00:00 UTC,36164.60986,1387419620
2021-06-01 00:00:00 UTC,36584.53042,1233630200
2021-06-02 00:00:00 UTC,37286.30393,1143313990